term1,term2,term3,term4,term5
0.3733104395604396,0.33456140350877195,0.3371947024423805,0.38281948744410044,0.2878021978021978
