term1,term2,term3,term4,term5
0.37255221386800336,0.3517703349282297,0.40728070175438597,0.4160423116615067,0.40578947368421053
