term1,term2,term3,term4,term5
0.36680451127819547,0.32342105263157894,0.36921052631578943,0.44888200894392843,0.4007268170426065
