term1,term2,term3,term4,term5
0.3891941391941392,0.36221386800334165,0.407000343997248,0.4673095115239078,0.44659340659340663
