term1,term2,term3,term4,term5
0.43151556776556776,0.32412280701754387,0.4342105263157895,0.49083892328861367,0.4828571428571429
