term1,term2,term3,term4,term5
0.4037134502923977,0.38279448621553885,0.4396783625730994,0.43738046095631233,0.48733082706766917
