Term,Accuracy,lb,ub
Term1,0.7113800311054316,-0.286428638458011,0.1808920497127751
Term2,0.6667890080933561,-0.39200225224578206,0.06359358571541744
Term3,0.6351109542631282,-0.24894450871841423,0.16315324837753112
Term4,0.752068511198946,-0.14794698945335685,0.27077090522595504
Term5,0.6525505581375146,-0.31796865988573136,0.0989482892651402
