Term,Accuracy,lb,ub
Term1,0.8677777777777778,-0.02176428750330037,0.007254762501100125
Term2,0.916969696969697,-0.03392805929532611,0.02101616628414947
Term3,0.8854545454545455,-0.03933373688251415,0.02967281905172126
Term4,0.8716161616161615,-0.0608783465357189,0.050061692709326894
Term5,0.9045454545454545,-0.027152913319833348,0.025828380962768377
