Term,Accuracy,lb,ub
Term1,0.954444444444444,-0.035795716689756785,0.02193931022920577
Term2,0.975242424242424,0,0
Term3,0.8967272727272725,-0.042370025343620485,0.02663653059061493
Term4,0.9207070707070705,-0.05041132696916889,0.032005011400044525
Term5,0.8734393939393935,-0.028477445676898392,0.024503848605703333
