Term,Accuracy,lb,ub
Term1,0.6779406850459483,-0.04973184638139444,0.04236416543600269
Term2,0.576024720893142,-0.058254545228685777,0.04149638838207755
Term3,0.6422807017543859,-0.03795423644563442,0.03443804015366827
Term4,0.6832507739938081,-0.038683301178354064,0.03489906519351503
Term5,0.7005054302422725,-0.044675231265879224,0.026399000293474063
