Term,Accuracy,lb,ub
Term1,0.640906432748538,-0.039906270392842634,0.0315371804383334
Term2,0.67703007518797,-0.04770000000000002,0.042300000000000004
Term3,0.6909356725146198,-0.045090046567565635,0.03764398383163738
Term4,0.7369625042999656,-0.041931393468876775,0.03144854510165752
Term5,0.6763157894736842,-0.05025963517411414,0.04112151968791155
