Term,Accuracy,lb,ub
Term1,0.8818888888888884,-0.025259074277046073,0.01804219591217582
Term2,0.9021818181818179,0,0
Term3,0.8570909090909082,-0.022496137234560797,0.018907796325980494
Term4,0.921686868686868,-0.01483494090645845,0.014010777522766225
Term5,0.8742575757575755,-0.014702309163421986,0.011788337977878916
