Term,Accuracy,lb,ub
Term1,0.7883333333333326,-0.06797308603801883,0.04871890716029676
Term2,0.8957878787878787,-0.03763679452194076,0.017307431057534815
Term3,0.8821818181818181,-0.03436526485524921,0.034641291078986204
Term4,0.8746262626262622,-0.06503859800740812,0.045901441237637744
Term5,0.8760909090909087,-0.030331790976789473,0.022649503305812255
