Term,Accuracy,lb,ub
Term1,0.9826666666666668,-0.03177585975481848,0.026262240253982435
Term2,0.9643333333333333,0,0
Term3,0.9325454545454543,-0.05713742831354692,0.03947174999438269
Term4,0.9195454545454544,-0.04098989422493577,0.014215350522452541
Term5,0.9041212121212121,-0.028485236450698014,0.011077591953049248
