Term,Accuracy,lb,ub
Term1,0.6055627705627706,-0.14588713652606108,0.24262720841684463
Term2,0.64261810653115,-0.04290194140801298,0.04252227820971191
Term3,0.5300579710144928,-0.21448072729001702,0.15159141119185005
Term4,0.6107716920760399,-0.21056857681317395,0.19884447576215322
Term5,0.6416495388669301,-0.3028670015053776,0.1325795898299771
