Term,Accuracy,lb,ub
Term1,0.7534093567251466,-0.016884268833189494,0.013814401772609586
Term2,0.7000052403736613,-0.043990161722346585,0.035810585166264064
Term3,0.7194122807017547,-0.02250185177565017,0.018976216013566822
Term4,0.7941088751289991,-0.027523902655533908,0.025125986893877433
Term5,0.6123065998329155,-0.010864203966929711,0.009442719335742688
