Term,Accuracy,lb,ub
Term1,0.8818888888888884,-0.028434500757589066,0.02930052616137349
Term2,0.9021818181818179,0,0
Term3,0.8570909090909082,-0.035331356638328475,0.019873888109059833
Term4,0.921686868686868,-0.032005011400044525,0.022939214179431056
Term5,0.8742575757575755,-0.02860989891260496,0.011126071799346394
