Term,Accuracy,lb,ub
Term1,0.7571637426900584,-0.023576338774288042,0.01724849027209824
Term2,0.6363750284802917,-0.027431506742959876,0.012468866701345421
Term3,0.5831286549707604,-0.03919524690162244,0.033197029697680194
Term4,0.7770072239422084,-0.024291929237649196,0.027836674276619483
Term5,0.6575104427736008,-0.02243915024945299,0.008021234704555609
