Term,Accuracy,lb,ub
Term1,0.6102602339181289,-0.023372214629056136,0.017452614417330148
Term2,0.5963549783549781,-0.019698741179080506,0.020502771431287956
Term3,0.5402777777777779,-0.04303349533131269,0.03992264024712135
Term4,0.5112194702442379,-0.01645807193653411,0.01499047316512347
Term5,0.4263885203204088,-0.04407823943523431,0.027688870961625218
