Term,Accuracy,lb,ub
Term1,0.6588554720133667,-0.03151730182195369,0.029880039389644418
Term2,0.6591979949874686,-0.05830000000000002,0.05169999999999997
Term3,0.6702923976608186,-0.04116018012360352,0.03123209647569916
Term4,0.7035453216374269,-0.03228717297103508,0.030609917232280022
Term5,0.6384920634920634,-0.036044788862243514,0.035029442697109836
