Term,Accuracy,lb,ub
Term1,0.7070355731225296,-0.2578052463075503,0.19977959419301106
Term2,0.6908573310747224,-0.04214261501141096,0.05277318456383893
Term3,0.6532935253152643,-0.24632206844598553,0.1564098305341429
Term4,0.742886642343164,-0.13212875787658285,0.28658913680272907
Term5,0.6556516454559933,-0.326584943501516,0.09033200564935552
