Term,Accuracy,lb,ub
Term1,0.7070355731225296,-0.2563448691570166,0.20172676372705597
Term2,0.6908573310747224,-0.38697171486829385,0.06862412309290565
Term3,0.6532935253152643,-0.23948499202143914,0.15388104884287232
Term4,0.742886642343164,-0.17586151576531098,0.24285637891400091
Term5,0.6556516454559933,-0.3270481845561281,0.07133912241026026
