Term,Accuracy,lb,ub
Term1,0.5884948751985364,-0.01765008729143712,0.011284482038787631
Term2,0.5917983835005577,-0.34207654166920065,0.11399387528987512
Term3,0.5944601957158021,-0.22489970353911626,0.15994536512130805
Term4,0.5219514629492891,-0.1880758681725043,0.20150985875625452
Term5,0.5718206981424374,-0.3722605114862671,0.05392125875684608
