Term,Accuracy,lb,ub
Term1,0.8364444444444442,-0.07072540797572915,0.04474464586219596
Term2,0.8942727272727272,-0.05357061993998877,0.04258177482409356
Term3,0.8931919191919191,-0.047517191574688276,0.036090770140305845
Term4,0.8229696969696966,-0.03146698950601133,0.023738255241376977
Term5,0.8556818181818177,-0.03298085569091956,0.03324576216233262
