Term,Accuracy,lb,ub
Term1,0.5961904761904762,-0.23184593534467898,0.18580698546894467
Term2,0.6277023338979861,-0.3273645927350369,0.1282312452261626
Term3,0.5670006587615283,-0.2369562103301686,0.1283122561866921
Term4,0.6442114552114553,-0.07406654314771828,0.17716419365986888
Term5,0.6478944968075402,-0.29582573747527396,0.12109121167559761
