Term,Accuracy,lb,ub
Term1,0.8566666666666667,-0.040125843708678985,0.03204293994002423
Term2,0.8872727272727273,-0.027334752225789075,0.027609473353686503
Term3,0.8209090909090909,-0.054929218523651395,0.04167995978427821
Term4,0.8954545454545455,-0.03337861703953141,0.035301664934813085
Term5,0.8265151515151515,-0.07311418610999046,0.04609372602586352
