Term,Accuracy,lb,ub
Term1,0.7534093567251466,-0.016474953225112162,0.014223717380686918
Term2,0.7000052403736613,-0.0444889163904004,0.04528692385928653
Term3,0.7194122807017547,-0.02105011940302762,0.020427948386189377
Term4,0.7941088751289991,-0.03148567652261829,0.020642926991650386
Term5,0.6123065998329155,-0.02142380408431937,0.00903658086968923
