Term,Accuracy,lb,ub
Term1,0.9266666666666667,-0.024393048873261727,0.018908221315960247
Term2,0.9336363636363636,0,0
Term3,0.9154545454545454,-0.030500897722931995,0.02470434702445632
Term4,0.9136363636363637,-0.04615314948675953,0.036263188882453876
Term5,0.8612121212121213,-0.014702309163421986,0.011788337977878916
