Term,Accuracy,lb,ub
Term1,0.7571637426900584,-0.024801083645679668,0.016023745400706616
Term2,0.6363750284802917,-0.02553623900435536,0.014364134439949936
Term3,0.5831286549707604,-0.0381610715216324,0.03423120507767023
Term4,0.7770072239422084,-0.026377073378219946,0.025751530136048733
Term5,0.6575104427736008,-0.013402569379763762,0.006904353922908639
