Term,Accuracy,lb,ub
Term1,0.9252222222222218,-0.027858288004224442,0.015670287002376302
Term2,0.8993181818181815,0,0
Term3,0.8669090909090912,-0.04816657604209631,0.034641291078986204
Term4,0.8931414141414135,-0.02815467482116802,0.027050569926220295
Term5,0.7775757575757574,-0.030994057155321993,0.02198723712727973
