Term,Accuracy,lb,ub
Term1,0.9477777777777778,-0.0368060796608386,0.020928947258123956
Term2,0.9425757575757576,0,0
Term3,0.9027272727272726,-0.029534805939852728,0.025670438807535584
Term4,0.9245454545454544,-0.0440927410275292,0.03832359734168421
Term5,0.8886363636363637,-0.027550273026952964,0.012185697684998387
