Term,Accuracy,lb,ub
Term1,0.8344444444444445,-0.04561067126598039,0.02655811238272283
Term2,0.8595454545454546,0,0
Term3,0.8563636363636364,-0.036849500868881724,0.03215705506535369
Term4,0.8961616161616164,-0.040796087492760646,0.027884194481583854
Term5,0.817121212121212,-0.06225302078205704,0.04370956778314649
