Term,Accuracy,lb,ub
Term1,0.40298169571338904,-0.3694771420407033,0.10645293051435613
Term2,0.349815320644268,-0.014143427083997932,0.004969312218701947
Term3,0.3384275439282304,-0.008372415728613981,0.02972677944092169
Term4,0.35275492430275035,-0.13267931912750355,0.12729415432036903
Term5,0.40347764497981886,-0.19220361799204186,0.08514648012057269
