Term,Accuracy,lb,ub
Term1,0.3206432748538012,-0.062215972427752765,0.05034581979351041
Term2,0.40267335004177107,-0.03228800805124908,0.02863276185676806
Term3,0.4131578947368421,-0.051086031443983305,0.032319734178846614
Term4,0.5089611283109735,-0.025682978499687023,0.03721411170362808
Term5,0.40997076023391815,-0.06667724441126668,0.03512007530059087
