Term,Accuracy,lb,ub
Term1,0.47878094445600167,-0.2182479332716773,0.24796928065980953
Term2,0.43091238471673254,-0.18336586780165604,0.05664181256700369
Term3,0.44725889328063245,-0.1720626500887266,0.2144890569599194
Term4,0.5016059664972708,-0.24176514281317724,0.1694318530809008
Term5,0.4782608695652173,-0.27216663154155274,0.12794157892978975
