Term,Accuracy,lb,ub
Term1,0.575204678362573,-0.02128441162002072,0.009414258985778363
Term2,0.5791729323308272,-0.01681147349358887,0.003443313848084481
Term3,0.581578947368421,-0.02794093148364801,0.024187672030620673
Term4,0.64171826625387,-0.05581748077637506,0.049300185469152324
Term5,0.5789348370927319,-0.024571377196233524,0.016042469409111217
