Term,Accuracy,lb,ub
Term1,0.27547619047619043,-0.17143195470605713,0.21708239023684858
Term2,0.3499156686181858,-0.05136164359889316,0.044641428548570686
Term3,0.22953246753246756,-0.20844740686458882,0.16951706614463843
Term4,0.3470596070596071,-0.2825489568968151,0.13707820681132615
Term5,0.31658836815358554,-0.27998269890889993,0.1294303536664273
