Term,Accuracy,lb,ub
Term1,0.4404281157439052,-0.2373822647601154,0.2094092319242262
Term2,0.4097633163937512,-0.36788377246908155,0.0737303594092523
Term3,0.45007227555053636,-0.19563287612827815,0.18149074050454722
Term4,0.5020703933747412,-0.3003607147280834,0.11083628116599464
Term5,0.48236039322995844,-0.2734693094361106,0.1359437431392166
