Term,Accuracy,lb,ub
Term1,0.7649999999999999,-0.02190938275332236,0.021619192253278387
Term2,0.7069545454545451,-0.006624629369686637,0.00717668181716046
Term3,0.7388181818181822,-0.0219440847870869,0.019459848773454393
Term4,0.7846464646464645,-0.02706003109789166,0.01483494090645842
Term5,0.7199848484848481,-0.022384596834399275,0.017351373877552076
