Term,Accuracy,lb,ub
Term1,0.7155555555555555,0,0
Term2,0.64,-0.051478890726939626,0.03132897639414288
Term3,0.7063636363636363,-0.043060090902962915,0.03974777621811959
Term4,0.7636363636363637,-0.05699941520167847,0.06721238547994533
Term5,0.666969696969697,-0.0678160566817302,0.06463717902477416
