Term,Accuracy,lb,ub
Term1,0.8622222222222222,0,0
Term2,0.9145454545454544,-0.043060090902962915,0.025946465031272497
Term3,0.8172727272727274,-0.04825891707159494,0.021078607456558696
Term4,0.9043434343434343,-0.04958716358547677,0.06030128757347448
Term5,0.7922727272727274,-0.03549746716934316,0.017483827113258566
