Term,Accuracy,lb,ub
Term1,0.8188888888888888,0,0
Term2,0.8963636363636365,-0.041403933560541215,0.027602622373694197
Term3,0.8363636363636363,-0.0475655418263134,0.03563948760747098
Term4,0.9236363636363636,-0.056729912910808575,0.06689459464301158
Term5,0.7831818181818182,-0.021722330655866755,0.018013640056084596
