Term,Accuracy,lb,ub
Term1,0.8188888888888888,0,0
Term2,0.8963636363636365,-0.028016661709299565,0.014077337410583972
Term3,0.8363636363636363,-0.03231128643011958,0.02315873319240331
Term4,0.9236363636363636,-0.04615314948675953,0.050686048097066234
Term5,0.7831818181818182,-0.022649503305812255,0.017086467406139096
