Term,Accuracy,lb,ub
Term1,0.2519990192873488,-0.18483569960658738,0.23281722120703624
Term2,0.3169664031620553,-0.27850491229979274,0.11510768350480913
Term3,0.2185913796348579,-0.21033722922963496,0.17707635560482296
Term4,0.3219110671936759,-0.17102299787123895,0.22908521260010353
Term5,0.32000988142292497,-0.30036030311662637,0.11835759156268552
