Term,Accuracy,lb,ub
Term1,0.47878094445600167,-0.21154606082141214,0.23524543586292943
Term2,0.43091238471673254,-0.3591474929036623,0.0728663317599251
Term3,0.44725889328063245,-0.18922177464552012,0.2067580228189465
Term4,0.5016059664972708,-0.2822306653636626,0.11962094426009542
Term5,0.4782608695652173,-0.2725388252257121,0.12756938524563036
