Term,Accuracy,lb,ub
Term1,0.5949958228905597,-0.020568109305885374,0.010130561299913708
Term2,0.5646198830409357,-0.005468792582251816,0.00465860108858486
Term3,0.5804093567251462,-0.02794093148364801,0.024187672030620673
Term4,0.6405228758169935,-0.036475830187198,0.027120357891346016
Term5,0.5885672514619883,-0.01594093479259781,0.014519450161410789
