Term,Accuracy,lb,ub
Term1,0.41862030075187967,-0.017236436315030627,0.013542914247524025
Term2,0.4197301587301587,-0.013940105114820545,0.016364471221745808
Term3,0.4142836257309939,-0.013687762370441604,0.017420788471471185
Term4,0.48820884932920533,-0.018240156158961348,0.023691237309915365
Term5,0.49678446115288244,-0.021322269467805965,0.01929157713753878
