Term,Accuracy,lb,ub
Term1,0.3352923976608187,-0.0625846794771944,0.0502729392521726
Term2,0.40678362573099414,-0.058280869878669685,0.043253746634692204
Term3,0.33968008255933946,-0.05415258749349322,0.050389087204370096
Term4,0.4356897144822841,-0.05000318671163547,0.04434244859333715
Term5,0.33309941520467834,-0.05924604007230111,0.05273101161074215
