Term,Accuracy,lb,ub
Term1,0.7655555555555555,-0.03395228850514852,0.024085811503652396
Term2,0.6845454545454546,-0.03560738286206547,0.019597861885322847
Term3,0.7572727272727273,-0.055205244747388395,0.041403933560541215
Term4,0.7430303030303032,-0.06263641716060216,0.060988090393217925
Term5,0.6499999999999999,-0.06039867548216596,0.058809236653687945
