Term,Accuracy,lb,ub
Term1,0.5949958228905597,-0.020568109305885374,0.010130561299913708
Term2,0.5646198830409357,-0.014380899012588056,0.0058738883290852945
Term3,0.5804093567251462,-0.02752390265553385,0.024604700858734833
Term4,0.6405228758169935,-0.05928636376247742,0.04583130248304995
Term5,0.5885672514619883,-0.025586723361367147,0.015027123243977598
