term1,term2,term3,term4,term5
0.40076423576423575,0.45941176470588235,0.3507142857142857,0.3636309523809524,0.30874625374625375
