term1,term2,term3,term4,term5
0.6904670329670329,0.7412071846282373,0.671689026487788,0.7376934984520124,0.643956043956044
