term1,term2,term3,term4,term5
0.6353384687208217,0.6816066252587991,0.6385869565217391,0.704935064935065,0.6116990392648287
