term1,term2,term3,term4,term5
0.38046955624355006,0.41762125902992775,0.29584451324389405,0.3007685881370092,0.2833405930155156
