term1,term2,term3,term4,term5
0.3874438061938062,0.3961339009287926,0.30903379772961814,0.3132215342277262,0.28694139194139195
