term1,term2,term3,term4,term5
0.9375,0.9234343434343435,0.8468686868686869,0.8290909090909091,0.8375
