term1,term2,term3,term4,term5
0.6999799475886432,0.6664172783738002,0.6238850722546374,0.7080678524374177,0.5950985825768434
