term1,term2,term3,term4,term5
0.7306349206349206,0.7149464570517202,0.6753675856307435,0.7176900584795322,0.6545614035087719
