term1,term2,term3,term4,term5
0.5880952380952381,0.7220238095238095,0.6376984126984127,0.6086111111111111,0.5005952380952381
