term1,term2,term3,term4,term5
0.38573529411764707,0.43980392156862746,0.3688690476190476,0.39166666666666666,0.3417156862745098
