term1,term2,term3,term4,term5
0.6196428571428572,0.7440476190476191,0.7001984126984127,0.6069444444444445,0.5611111111111111
