term1,term2,term3,term4,term5
0.8788888888888889,0.9071212121212121,0.860909090909091,0.860909090909091,0.8090909090909091
