file,term1,term2,term3,term4,term5
cutoff_10,0.6999799475886433,0.6664172783738004,0.6238850722546375,0.7080678524374179,0.5950985825768436
cutoff_10_P2,0.878888888888889,0.9071212121212122,0.8609090909090912,0.8609090909090912,0.8090909090909093
cutoff_10_P4,0.7306349206349207,0.7149464570517203,0.6753675856307436,0.7176900584795324,0.654561403508772
cutoff_10_consec,0.6353384687208218,0.6816066252587992,0.6385869565217392,0.7049350649350652,0.6116990392648288
cutoff_10_consec_P2,0.9375,0.9234343434343438,0.8468686868686871,0.8290909090909092,0.8375
cutoff_10_consec_P4,0.690467032967033,0.7412071846282374,0.6716890264877882,0.7376934984520126,0.6439560439560441
