model1,model2,model3,model4,model5
0.721984126984127,0.5450740487582593,0.6153216374269006,0.6692466460268318,0.7309941520467836
