model1,model2,model3,model4,model5
0.5076023391812865,0.537406015037594,0.4584795321637427,0.5536227210182318,0.49
