file,term1,term2,term3,term4,term5
overall_top500_P4.csv,0.7218546365914786,0.7446616541353384,0.6355555555555555,0.8239938080495356,0.7410526315789474
overall_fixed_top500_P4.csv,0.5076023391812865,0.537406015037594,0.4584795321637427,0.5536227210182318,0.49
individual_fixed_top250each_P4.csv,0.721984126984127,0.5450740487582593,0.6153216374269006,0.6692466460268318,0.7309941520467836
individual_top250each_P4.csv,0.72343776106934,0.707280701754386,0.5614035087719298,0.7977777777777778,0.659093567251462
