model1,model2,model3,model4,model5
0.72343776106934,0.707280701754386,0.5614035087719298,0.7977777777777778,0.659093567251462
