model1,model2,model3,model4,model5
0.7218546365914786,0.7446616541353384,0.6355555555555555,0.8239938080495356,0.7410526315789474
