term1,term2,term3,term4,term5
0.7394117647058823,0.7630392156862745,0.7691666666666667,0.6448809523809523,0.6949579831932773
