term1,term2,term3,term4,term5
0.6659090909090909,0.7585119047619048,0.6735119047619047,0.6873214285714285,0.6137562437562437
