term1,term2,term3,term4,term5
0.7325146198830409,0.7250751879699248,0.7142397660818713,0.7190574475404197,0.7220718462823725
