term1,term2,term3,term4,term5
0.786374269005848,0.7633458646616541,0.7556140350877193,0.80656346749226,0.746140350877193
