term1,term2,term3,term4,term5
0.7652631578947369,0.7808020050125313,0.737046783625731,0.8388888888888889,0.7635964912280702
