term1,term2,term3,term4,term5
0.6955555555555556,0.69,0.6995454545454546,0.6718181818181819,0.6465151515151515
