term1,term2,term3,term4,term5
0.4415394491129785,0.38383498271370126,0.3724911834923276,0.36877470355731223,0.35802619293331367
