term1,term2,term3,term4,term5
0.6902777777777778,0.7472727272727273,0.6861616161616162,0.7145454545454546,0.7402777777777778
