term1,term2,term3,term4,term5
0.4881547619047619,0.4014585483316133,0.3991744066047472,0.42922256621947025,0.45578754578754577
