term1,term2,term3,term4,term5
0.3946783625730994,0.4310902255639098,0.4184168755221387,0.5041967664258686,0.4515789473684211
