term1,term2,term3,term4,term5
0.3658758259284575,0.39869217014869185,0.33000471267862574,0.3604456051195182,0.36768577075098813
