term1,term2,term3,term4,term5
0.6803800366300367,0.6877777777777778,0.637437650498796,0.7225490196078431,0.6087912087912087
