term1,term2,term3,term4,term5
0.6625824175824175,0.5338011695906433,0.6823873409012727,0.7069745442036464,0.6853479853479854
