term1,term2,term3,term4,term5
0.7312087912087912,0.6845029239766082,0.7520962332301342,0.8034915720674235,0.7811355311355311
