term1,term2,term3,term4,term5
0.7476556776556776,0.7399624060150376,0.7357069143446853,0.7943949948400413,0.7736263736263737
