term1,term2,term3,term4,term5
0.648974358974359,0.6181286549707602,0.6441864465084279,0.6764103887168903,0.6758241758241759
