term1,term2,term3,term4,term5
0.6788278388278388,0.6464327485380117,0.6035603715170279,0.6799234606123151,0.6620879120879121
