term1,term2,term3,term4,term5
0.6590384615384616,0.62453216374269,0.6331785345717235,0.6999978500171998,0.6582417582417582
