term1,term2,term3,term4,term5
0.6474221611721612,0.6041228070175438,0.6078775369797041,0.6682985036119711,0.6615384615384615
