term1,term2,term3,term4,term5
0.7002884615384616,0.7068558651530787,0.6881836945304438,0.7547622119023047,0.6533882783882784
