term1,term2,term3,term4,term5
0.7346886446886447,0.6767209690893902,0.7022359821121431,0.7722050223598211,0.6840659340659341
