file,term1,term2,term3,term4,term5
individual_fixed_top250each_P4,0.6625824175824176,0.5338011695906434,0.6823873409012728,0.7069745442036466,0.6853479853479856
individual_top250each_P4,0.7476556776556778,0.7399624060150377,0.7357069143446855,0.7943949948400415,0.7736263736263739
overall_fixed_top500_P4,0.6474221611721613,0.604122807017544,0.6078775369797043,0.6682985036119712,0.6615384615384616
overall_top500_P4,0.7346886446886448,0.6767209690893904,0.7022359821121432,0.7722050223598212,0.6840659340659342
