file,term1,term2,term3,term4,term5
individual_fixed_top250each_P4,0.6803800366300369,0.6877777777777779,0.6374376504987962,0.7225490196078432,0.6087912087912088
individual_top250each_P4,0.7476556776556778,0.7399624060150377,0.7357069143446855,0.7943949948400415,0.7736263736263739
overall_fixed_top500_P4,0.6788278388278389,0.6464327485380118,0.603560371517028,0.6799234606123152,0.6620879120879122
overall_top500_P4,0.7346886446886448,0.6767209690893904,0.7022359821121432,0.7722050223598212,0.6840659340659342
