file,term1,term2,term3,term4,term5
individual_fixed_top250each_P4,0.6489743589743592,0.6181286549707603,0.644186446508428,0.6764103887168904,0.6758241758241761
individual_top250each_P4.csv,0.7312087912087913,0.6845029239766084,0.7520962332301343,0.8034915720674236,0.7811355311355312
overall_fixed_top500_P4.csv,0.6590384615384617,0.62453216374269,0.6331785345717236,0.6999978500171999,0.6582417582417583
overall_top500_P4.csv,0.7002884615384617,0.7068558651530789,0.6881836945304439,0.7547622119023049,0.6533882783882785
