term1,term2,term3,term4,term5
0.7461904761904762,0.7501754385964913,0.703779669762642,0.7122850017199862,0.6398351648351648
