term1,term2,term3,term4,term5
0.7542445054945055,0.7597088309007813,0.7369109047127623,0.7067294461644307,0.6985347985347985
