term1,term2,term3,term4,term5
0.8242124542124543,0.7594444444444445,0.7755396456828345,0.8320992432060543,0.8086080586080586
