term1,term2,term3,term4,term5
0.7471062271062271,0.7574269005847953,0.6881148950808393,0.746155830753354,0.6699633699633699
