term1,term2,term3,term4,term5
0.7951373626373627,0.7790896358543418,0.7535259717922257,0.8265092879256966,0.8087912087912088
