term1,term2,term3,term4,term5
0.8029349816849817,0.7428070175438596,0.7569487444100447,0.7805964052287582,0.7703296703296703
