term1,term2,term3,term4,term5
0.7398168498168498,0.7793859649122807,0.6834257825937392,0.710672514619883,0.6978021978021978
