term1,term2,term3,term4,term5
0.7896336996336997,0.7486842105263157,0.7197110423116615,0.7843115755073959,0.728021978021978
