term1,term2,term3,term4,term5
0.7721794871794871,0.7077726178190574,0.6656002751977984,0.7817896456828345,0.7576923076923077
