term1,term2,term3,term4,term5
0.6698763736263736,0.7266374269005849,0.7084107327141382,0.724984950120399,0.701098901098901
