file,term1,term2,term3,term4,term5
individual_fixed_top250each_P4,0.7542445054945056,0.7597088309007815,0.7369109047127624,0.7067294461644309,0.6985347985347986
individual_top250each_P4.csv,0.8242124542124545,0.7594444444444447,0.7755396456828346,0.8320992432060544,0.8086080586080587
overall_fixed_top500_P4.csv,0.7398168498168499,0.7793859649122808,0.6834257825937393,0.7106725146198831,0.697802197802198
overall_top500_P4.csv,0.8029349816849819,0.7428070175438597,0.7569487444100449,0.7805964052287584,0.7703296703296705
