file,term1,term2,term3,term4,term5
individual_fixed_top250each_P4,0.7471062271062272,0.7574269005847954,0.6881148950808395,0.7461558307533542,0.66996336996337
individual_top250each_P4,0.7951373626373629,0.779089635854342,0.7535259717922258,0.8265092879256968,0.8087912087912089
overall_fixed_top500_P4,0.6698763736263738,0.7266374269005851,0.7084107327141383,0.7249849501203992,0.7010989010989012
overall_top500_P4,0.7896336996336999,0.7486842105263158,0.7197110423116616,0.784311575507396,0.7280219780219782
