term1,term2,term3,term4,term5
0.4978654970760234,0.516578947368421,0.43391812865497076,0.5630030959752322,0.47313700918964074
