term1,term2,term3,term4,term5
0.28555555555555556,0.2911111111111111,0.3277777777777778,0.3588636363636364,0.2975
