term1,term2,term3,term4,term5
0.44842105263157894,0.48525480367585627,0.42046783625730993,0.49491959064327484,0.50421937195931
