term1,term2,term3,term4,term5
0.5209189640768588,0.4868671679197995,0.45146198830409356,0.5742690058479533,0.49505847953216375
