term1,term2,term3,term4,term5
0.48540100250626567,0.48290726817042606,0.4692982456140351,0.4891232370141039,0.47543859649122805
