term1,term2,term3,term4,term5
0.3852380952380952,0.3221428571428571,0.3119047619047619,0.3019047619047619,0.3485714285714286
