term1,term2,term3,term4,term5
0.43052631578947365,0.4618421052631579,0.45935672514619885,0.496360079119367,0.5381996658312448
