term1,term2,term3,term4,term5
0.48269005847953217,0.4626315789473684,0.4304093567251462,0.4891984864121087,0.5332163742690058
