file,term1,term2,term3,term4,term5
individual_fixed_top250each_P4,0.448421052631579,0.4852548036758564,0.42046783625731005,0.49491959064327506,0.5042193719593101
individual_top250each_P4,0.5209189640768589,0.4868671679197996,0.45146198830409373,0.5742690058479534,0.4950584795321639
overall_fixed_top500_P4,0.48540100250626583,0.48290726817042623,0.4692982456140352,0.489123237014104,0.4754385964912282
overall_top500_P4,0.4305263157894738,0.461842105263158,0.459356725146199,0.49636007911936714,0.5381996658312449
