file,term1,term2,term3,term4,term5
individual_fixed_top250each_P4,0.2855555555555557,0.29111111111111115,0.3277777777777779,0.3588636363636365,0.2975
individual_top250each_P4,0.4978654970760235,0.5165789473684211,0.4339181286549709,0.5630030959752323,0.47313700918964097
overall_fixed_top500_P4,0.38523809523809527,0.3221428571428572,0.31190476190476196,0.30190476190476195,0.34857142857142864
overall_top500_P4,0.48269005847953234,0.4626315789473685,0.4304093567251463,0.4891984864121088,0.5332163742690059
