term1,term2,term3,term4,term5
0.5947822949996863,0.5889191605495954,0.5954110671936759,0.6493751176359872,0.6139927536231884
