term1,term2,term3,term4,term5
0.6055627705627705,0.64261810653115,0.5300579710144928,0.6107716920760399,0.6416495388669302
