term1,term2,term3,term4,term5
0.7162723508375682,0.7062629399585921,0.6486991269599965,0.7386949934123848,0.6804197252023338
