term1,term2,term3,term4,term5
0.7601953896599205,0.7202442123094297,0.698939393939394,0.777481084133258,0.6915487483530962
