term1,term2,term3,term4,term5
0.6718203116486869,0.6328494259363825,0.5197542819499341,0.6562264356543532,0.6238395662308706
