term1,term2,term3,term4,term5
0.7113800311054316,0.666789008093356,0.6351109542631281,0.752068511198946,0.6525505581375146
