term1,term2,term3,term4,term5
0.4333671629667053,0.41528938452851494,0.45000498776585734,0.3967391304347826,0.38661396574440055
