term1,term2,term3,term4,term5
0.5361253677672442,0.4928312629399586,0.48575578769057026,0.4873182759269716,0.5425217391304348
