term1,term2,term3,term4,term5
0.5131404103143233,0.4980561829474873,0.5451298701298701,0.509568511198946,0.5480652173913043
