term1,term2,term3,term4,term5
0.5106068448459753,0.5053853754940711,0.5365859213250518,0.6096605495953322,0.5638201371897024
