term1,term2,term3,term4,term5
0.571730056366212,0.4992965367965368,0.48420906790472007,0.5910474308300395,0.4973224891050978
