term1,term2,term3,term4,term5
0.561193299454169,0.512903581925321,0.4989352965874705,0.622816712273234,0.5432131475609736
