file,term1,term2,term3,term4,term5
individual_fixed_top100each,0.6055627705627706,0.6426181065311501,0.5300579710144929,0.61077169207604,0.6416495388669303
individual_top100each,0.7113800311054317,0.6667890080933562,0.6351109542631282,0.7520685111989462,0.6525505581375147
overall_fixed_top500,0.5131404103143234,0.4980561829474874,0.5451298701298702,0.5095685111989461,0.5480652173913044
overall_top500,0.5717300563662121,0.4992965367965369,0.48420906790472024,0.5910474308300396,0.4973224891050979
