file,term1,term2,term3,term4,term5
individual_fixed_top100each,0.5947822949996864,0.5889191605495955,0.595411067193676,0.6493751176359873,0.6139927536231885
individual_top100each,0.7162723508375684,0.7062629399585922,0.6486991269599967,0.738694993412385,0.680419725202334
overall_fixed_top500,0.5361253677672443,0.4928312629399587,0.4857557876905705,0.4873182759269717,0.5425217391304349
overall_top500,0.5611932994541692,0.5129035819253212,0.4989352965874706,0.6228167122732342,0.5432131475609737
