file,term1,term2,term3,term4,term5
individual_fixed_top100each,0.671820311648687,0.6328494259363826,0.5197542819499342,0.6562264356543533,0.6238395662308708
individual_top100each.csv,0.7601953896599206,0.7202442123094298,0.6989393939393942,0.7774810841332582,0.6915487483530963
overall_fixed_top500.csv,0.4333671629667054,0.415289384528515,0.4500049877658574,0.3967391304347827,0.38661396574440066
overall_top500.csv,0.5106068448459754,0.5053853754940713,0.5365859213250519,0.6096605495953323,0.5638201371897025
