term1,term2,term3,term4,term5
0.6339473684210526,0.6002631578947368,0.6192982456140351,0.6907980736154111,0.5407894736842105
