term1,term2,term3,term4,term5
0.2647222222222222,0.3472222222222222,0.431010101010101,0.36972222222222223,0.3333333333333333
