term1,term2,term3,term4,term5
0.38482456140350874,0.4689473684210526,0.3767801857585139,0.5314929480564156,0.42676642586859304
