term1,term2,term3,term4,term5
0.3769444444444444,0.2767063492063492,0.2644444444444444,0.29978354978354976,0.21348484848484847
