term1,term2,term3,term4,term5
0.47157894736842104,0.503421052631579,0.47485380116959064,0.5393016855865153,0.5339598997493734
