file,term1,term2,term3,term4,term5
individual_fixed_top250each_P4,0.26472222222222225,0.34722222222222227,0.4310101010101011,0.36972222222222234,0.33333333333333337
individual_top250each_P4,0.6339473684210527,0.6002631578947369,0.6192982456140352,0.6907980736154112,0.5407894736842106
overall_fixed_top500_P4,0.37694444444444447,0.27670634920634923,0.2644444444444444,0.2997835497835499,0.21348484848484856
overall_top500_P4,0.4715789473684211,0.5034210526315791,0.4748538011695907,0.5393016855865154,0.5339598997493735
