term1,term2,term3,term4,term5
0.2986126373626374,0.2967854367854368,0.2544642857142857,0.23363795518207284,0.2775199310493428
