term1,term2,term3,term4,term5
0.43879005814932587,0.4479494190020506,0.38449463579898363,0.4232142857142857,0.4068357801618671
