term1,term2,term3,term4,term5
0.4399641148325359,0.3931455862977602,0.3821687266035092,0.4187863730472426,0.3982380952380952
