term1,term2,term3,term4,term5
0.3552860907208733,0.353343833893033,0.33306277056277056,0.41795680406549973,0.3723794466403162
