term1,term2,term3,term4,term5
0.38545930042497545,0.3999327122153209,0.37746565029173723,0.41362062655540915,0.4260361956883696
