term1,term2,term3,term4,term5
0.3608080808080808,0.3104365079365079,0.2507431457431457,0.26934343434343433,0.252975912975913
