term1,term2,term3,term4,term5
0.4005988290885316,0.3933982683982684,0.3781117071334463,0.41943798230754753,0.44292546583850934
