term1,term2,term3,term4,term5
0.4353119706380576,0.38720026350461134,0.39164898145332927,0.3846343873517787,0.4058451910408432
