file,term1,term2,term3,term4,term5
individual_fixed_top100each,0.35528609072087336,0.3533438338930331,0.33306277056277067,0.4179568040654998,0.37237944664031625
individual_top100each,0.439964114832536,0.39314558629776025,0.38216872660350926,0.4187863730472427,0.3982380952380953
overall_fixed_top500,0.4353119706380577,0.3872002635046115,0.3916489814533294,0.3846343873517788,0.40584519104084327
overall_top500,0.40059882908853167,0.39339826839826847,0.3781117071334464,0.41943798230754764,0.44292546583850945
