file,term1,term2,term3,term4,term5
individual_fixed_top100each,0.29861263736263743,0.29678543678543684,0.25446428571428575,0.23363795518207292,0.27751993104934286
individual_top100each,0.438790058149326,0.4479494190020507,0.38449463579898374,0.42321428571428577,0.40683578016186717
overall_fixed_top500,0.36080808080808086,0.31043650793650795,0.25074314574314577,0.26934343434343444,0.25297591297591304
overall_top500,0.38545930042497556,0.399932712215321,0.37746565029173734,0.4136206265554093,0.4260361956883697
