model1,model2,model3,model4,model5
0.6910526315789474,0.5510025062656642,0.6064619883040936,0.6585676814585483,0.6882581453634085
