model1,model2,model3,model4,model5
0.6386842105263157,0.5462907268170426,0.6339181286549708,0.6996452528379773,0.6616207184628238
