file,term1,term2,term3,term4,term5
overall_top500_P4.csv,0.7290643274853801,0.7284688995215312,0.6485672514619883,0.8275369797041624,0.726578947368421
overall_fixed_top500_P4.csv,0.6386842105263157,0.5462907268170426,0.6339181286549708,0.6996452528379773,0.6616207184628238
individual_fixed_top250each_P4.csv,0.6910526315789474,0.5510025062656642,0.6064619883040936,0.6585676814585483,0.6882581453634085
individual_top250each_P4.csv,0.741812865497076,0.7005377079061289,0.5910526315789474,0.8077278981768146,0.6353007518796993
