model1,model2,model3,model4,model5
0.741812865497076,0.7005377079061289,0.5910526315789474,0.8077278981768146,0.6353007518796993
