model1,model2,model3,model4,model5
0.7290643274853801,0.7284688995215312,0.6485672514619883,0.8275369797041624,0.726578947368421
