term1,term2,term3,term4,term5
0.9055555555555556,0.9027272727272727,0.8781818181818182,0.8770707070707071,0.8595454545454545
