term1,term2,term3,term4,term5
0.9477777777777778,0.9354545454545454,0.9045454545454545,0.9072727272727272,0.8515151515151516
