term1,term2,term3,term4,term5
0.9177777777777778,0.9127272727272727,0.9154545454545455,0.9072727272727272,0.884090909090909
