term1,term2,term3,term4,term5
0.9477777777777778,0.9253030303030303,0.9045454545454545,0.8672727272727273,0.8446969696969697
