term1,term2,term3,term4,term5
0.9155555555555556,0.9353030303030303,0.9045454545454545,0.8890909090909092,0.8927272727272727
