term1,term2,term3,term4,term5
0.9277777777777778,0.9027272727272727,0.8863636363636364,0.9163636363636364,0.8431818181818181
