term1,term2,term3,term4,term5
0.9455555555555556,0.9227272727272727,0.9245454545454546,0.9141414141414141,0.9121212121212121
