term1,term2,term3,term4,term5
0.9366666666666666,0.9053030303030303,0.8905050505050505,0.8590909090909091,0.8848484848484849
