term1,term2,term3,term4,term5
0.97,0.9434848484848485,0.9063636363636364,0.9025252525252525,0.8619696969696969
