term1,term2,term3,term4,term5
0.9177777777777778,0.9251515151515152,0.8872727272727273,0.9245454545454546,0.8681818181818182
