term1,term2,term3,term4,term5
0.8855555555555555,0.9353030303030303,0.8863636363636364,0.9309090909090909,0.8916666666666667
