term1,term2,term3,term4,term5
0.9366666666666666,0.9636363636363636,0.9336363636363636,0.9223232323232323,0.906060606060606
