term1,term2,term3,term4,term5
0.9688888888888889,0.9625757575757575,0.8672727272727273,0.9205050505050505,0.8513636363636363
