term1,term2,term3,term4,term5
0.8855555555555555,0.9354545454545454,0.8963636363636364,0.9227272727272727,0.8583333333333334
