term1,term2,term3,term4,term5
0.8866666666666667,0.9072727272727272,0.8863636363636364,0.8790909090909091,0.85
