term1,term2,term3,term4,term5
0.9577777777777777,0.9345454545454546,0.9054545454545455,0.9154545454545455,0.9022727272727272
