term1,term2,term3,term4,term5
0.9588888888888889,0.9618181818181818,0.9045454545454545,0.8941414141414141,0.8787878787878788
