file,term1,term2,term3,term4,term5
individual_fixed_top500each_P2,0.9477777777777779,0.9253030303030306,0.9045454545454545,0.8672727272727275,0.8446969696969698
individual_top500each_P2.csv,0.9477777777777779,0.9354545454545455,0.9045454545454545,0.9072727272727273,0.8515151515151518
overall_fixed_top1k_quisq_P2.csv,0.9577777777777778,0.9345454545454548,0.9054545454545457,0.9154545454545457,0.9022727272727273
overall_fixed_top500_P2.csv,0.9055555555555558,0.9145454545454548,0.9016161616161618,0.8752525252525255,0.8712121212121213
overall_top1k_quisq_P2.csv,0.968888888888889,0.9625757575757578,0.8672727272727275,0.9205050505050506,0.8513636363636364
overall_top500_P2.csv,0.8855555555555557,0.9354545454545455,0.8963636363636366,0.922727272727273,0.8583333333333336
