file,term1,term2,term3,term4,term5
individual_fixed_top500each_P2,0.9055555555555558,0.9027272727272729,0.8781818181818184,0.8770707070707072,0.8595454545454547
individual_top500each_P2,0.9155555555555558,0.9353030303030306,0.9045454545454545,0.8890909090909094,0.8927272727272729
overall_fixed_top1k_quisq_P2,0.9455555555555558,0.922727272727273,0.9245454545454548,0.9141414141414141,0.9121212121212122
overall_fixed_top500_P2,0.8866666666666668,0.9072727272727273,0.8863636363636366,0.8790909090909093,0.85
overall_top1k_quisq_P2,0.97,0.9434848484848486,0.9063636363636366,0.9025252525252526,0.861969696969697
overall_top500_P2,0.8855555555555557,0.9353030303030306,0.8863636363636366,0.930909090909091,0.8916666666666668
