term1,term2,term3,term4,term5
0.27700854700854705,0.2999396681749623,0.26355742296918766,0.2269494720965309,0.2392717086834734
