term1,term2,term3,term4,term5
0.4966299147077179,0.48236213062300015,0.4810752344528088,0.5060718050065877,0.5304648033126294
