term1,term2,term3,term4,term5
0.2772222222222222,0.2800793650793651,0.23162698412698413,0.23785714285714285,0.28384920634920635
