term1,term2,term3,term4,term5
0.9568186045723508,0.9590677491601344,0.9347202463156461,0.9409222997886859,0.9573453854187799
