term1,term2,term3,term4,term5
0.7100584795321637,0.7163659147869674,0.7330116959064328,0.7270381836945304,0.7181787802840435
