term1,term2,term3,term4,term5
0.6801461988304094,0.7287844611528822,0.7156140350877193,0.77593739250086,0.6661988304093567
