term1,term2,term3,term4,term5
0.8025605680868839,0.7607313738892686,0.7485380116959064,0.820734434124527,0.7769298245614035
