term1,term2,term3,term4,term5
0.7365497076023392,0.720952380952381,0.7086549707602339,0.6944444444444444,0.6847117794486215
