term1,term2,term3,term4,term5
0.7127485380116959,0.7247619047619047,0.6662280701754386,0.7412431200550396,0.7144444444444444
