term1,term2,term3,term4,term5
0.7424853801169591,0.7504887218045113,0.7267251461988304,0.7959236326109391,0.7547702589807853
