term1,term2,term3,term4,term5
0.7217836257309942,0.6751629072681704,0.6683918128654971,0.7680043859649123,0.7164285714285714
