file,term1,term2,term3,term4,term5
individual_fixed_top250each_P4,0.6801461988304095,0.7287844611528823,0.7156140350877195,0.7759373925008601,0.6661988304093568
individual_top250each_P4,0.802560568086884,0.7607313738892687,0.7485380116959065,0.8207344341245272,0.7769298245614037
overall_fixed_top500_P4,0.7217836257309943,0.6751629072681705,0.6683918128654972,0.7680043859649125,0.7164285714285715
overall_top500_P4,0.7424853801169593,0.7504887218045114,0.7267251461988306,0.7959236326109392,0.7547702589807854
