file,term1,term2,term3,term4,term5
individual_fixed_top250each_P4,0.732514619883041,0.725075187969925,0.7142397660818715,0.7190574475404199,0.7220718462823726
individual_top250each_P4.csv,0.7863742690058482,0.7633458646616542,0.7556140350877194,0.8065634674922602,0.7461403508771932
overall_fixed_top500_P4.csv,0.7365497076023394,0.7209523809523812,0.7086549707602341,0.6944444444444445,0.6847117794486216
overall_top500_P4.csv,0.7652631578947371,0.7808020050125315,0.7370467836257312,0.838888888888889,0.7635964912280704
