file,term1,term2,term3,term4,term5
individual_fixed_top250each_P4,0.7100584795321638,0.7163659147869675,0.7330116959064329,0.7270381836945305,0.7181787802840437
individual_top250each_P4,0.802560568086884,0.7607313738892687,0.7485380116959065,0.8207344341245272,0.7769298245614037
overall_fixed_top500_P4,0.712748538011696,0.7247619047619048,0.6662280701754387,0.7412431200550398,0.7144444444444445
overall_top500_P4,0.7424853801169593,0.7504887218045114,0.7267251461988306,0.7959236326109392,0.7547702589807854
