term1,term2,term3,term4,term5
0.9621031746031746,0.9227272727272727,0.8727272727272727,0.8741414141414141,0.8875
