term1,term2,term3,term4,term5
0.9527777777777777,0.9518181818181818,0.8891919191919192,0.9043434343434343,0.9375
