term1,term2,term3,term4,term5
0.9513888888888888,0.9327272727272727,0.8807070707070707,0.8912121212121212,0.8875
