term1,term2,term3,term4,term5
0.9607142857142857,0.9218181818181819,0.861010101010101,0.8836363636363637,0.875
