term1,term2,term3,term4,term5
0.9555555555555555,0.9043434343434343,0.8823232323232323,0.8863636363636364,0.8625
