term1,term2,term3,term4,term5
0.9589285714285715,0.9345454545454546,0.881010101010101,0.8863636363636364,0.925
