term1,term2,term3,term4,term5
0.9638888888888889,0.9707070707070707,0.9052525252525252,0.9254545454545454,0.9625
