term1,term2,term3,term4,term5
0.9652777777777778,0.9418181818181818,0.8982828282828282,0.9116161616161617,0.9
