term1,term2,term3,term4,term5
0.9875,0.99,0.9127272727272727,0.9236363636363636,0.95
