term1,term2,term3,term4,term5
0.9482142857142857,0.9236363636363636,0.8761616161616161,0.8723232323232324,0.925
