term1,term2,term3,term4,term5
0.975,0.97,0.9355555555555556,0.9254545454545454,0.95
