term1,term2,term3,term4,term5
0.9625,0.9409090909090909,0.9209090909090909,0.9045454545454545,0.925
