term1,term2,term3,term4,term5
0.9875,0.990909090909091,0.9236363636363637,0.9030303030303031,0.95
