term1,term2,term3,term4,term5
0.95,0.9227272727272727,0.8771717171717172,0.8468686868686869,0.9
