term1,term2,term3,term4,term5
0.9638888888888889,0.9388888888888889,0.8805050505050505,0.8943434343434343,0.875
