term1,term2,term3,term4,term5
0.9607142857142857,0.9527272727272728,0.8895959595959596,0.9207070707070707,0.8625
