term1,term2,term3,term4,term5
0.9496031746031746,0.93,0.8805050505050506,0.8657575757575757,0.9
