term1,term2,term3,term4,term5
0.9625,0.9395959595959597,0.9336363636363636,0.9245454545454546,0.975
