file,term1,term2,term3,term4,term5
individual_fixed_top500each_P2,0.9621031746031747,0.922727272727273,0.8727272727272729,0.8741414141414143,0.8875
individual_top500each_P2,0.951388888888889,0.932727272727273,0.8807070707070709,0.8912121212121213,0.8875
overall_fixed_top1k_quisq_P2,0.963888888888889,0.970707070707071,0.9052525252525254,0.9254545454545455,0.9625
overall_fixed_top500_P2,0.95,0.922727272727273,0.8771717171717174,0.8468686868686871,0.9
overall_top1k_quisq_P2,0.975,0.97,0.9355555555555558,0.9254545454545455,0.95
overall_top500_P2,0.965277777777778,0.941818181818182,0.8982828282828283,0.9116161616161618,0.9
