file,term1,term2,term3,term4,term5
individual_fixed_top500each_P2,0.9555555555555558,0.9043434343434346,0.8823232323232325,0.8863636363636366,0.8625
individual_top500each_P2.csv,0.9527777777777778,0.951818181818182,0.8891919191919194,0.9043434343434346,0.9375
overall_fixed_top1k_quisq_P2.csv,0.9625,0.9395959595959598,0.9336363636363638,0.9245454545454548,0.975
overall_fixed_top500_P2.csv,0.9496031746031748,0.93,0.8805050505050508,0.8657575757575758,0.9
overall_top1k_quisq_P2.csv,0.9875,0.9909090909090913,0.9236363636363638,0.9030303030303034,0.95
overall_top500_P2.csv,0.963888888888889,0.938888888888889,0.8805050505050507,0.8943434343434344,0.875
