file,term1,term2,term3,term4,term5
individual_fixed_top500each_P2,0.9607142857142857,0.9218181818181822,0.8610101010101012,0.8836363636363639,0.875
individual_top500each_P2,0.9589285714285718,0.9345454545454548,0.8810101010101012,0.8863636363636366,0.925
overall_fixed_top1k_quisq_P2,0.9625,0.940909090909091,0.920909090909091,0.9045454545454545,0.925
overall_fixed_top500_P2,0.9482142857142858,0.9236363636363638,0.8761616161616163,0.8723232323232326,0.925
overall_top1k_quisq_P2,0.9875,0.99,0.9127272727272729,0.9236363636363638,0.95
overall_top500_P2,0.9607142857142857,0.952727272727273,0.8895959595959598,0.920707070707071,0.8625
