term1,term2,term3,term4,term5
0.6942460317460317,0.6790909090909091,0.8168686868686869,0.7543434343434343,0.6833333333333333
