term1,term2,term3,term4,term5
0.7904761904761904,0.7575757575757576,0.7872727272727273,0.7751515151515151,0.7541666666666667
