term1,term2,term3,term4,term5
0.741111111111111,0.7863636363636364,0.7825757575757576,0.7818181818181819,0.7333333333333334
