term1,term2,term3,term4,term5
0.73,0.7384848484848485,0.7624242424242424,0.7,0.7083333333333334
