term1,term2,term3,term4,term5
0.7257936507936508,0.7081818181818181,0.8001010101010101,0.7627272727272727,0.7152777777777778
