term1,term2,term3,term4,term5
0.7188888888888889,0.6763636363636364,0.7372727272727273,0.7634343434343435,0.7227272727272728
