term1,term2,term3,term4,term5
0.3352923976608187,0.40678362573099414,0.3396800825593395,0.4356897144822841,0.33309941520467834
