term1,term2,term3,term4,term5
0.2172222222222222,0.3338888888888889,0.4111111111111111,0.36722222222222223,0.28694444444444445
