term1,term2,term3,term4,term5
0.575204678362573,0.579172932330827,0.5815789473684211,0.64171826625387,0.5789348370927319
