term1,term2,term3,term4,term5
0.37149122807017543,0.42663324979114453,0.43742690058479533,0.5167010663914688,0.4752422723475355
