term1,term2,term3,term4,term5
0.441812865497076,0.445250626566416,0.4365497076023392,0.49930512555899553,0.476812865497076
