term1,term2,term3,term4,term5
0.2980952380952381,0.31166666666666665,0.29095238095238096,0.26357142857142857,0.2357142857142857
