file,term1,term2,term3,term4,term5
individual_fixed_top250each_P4,0.33529239766081875,0.4067836257309942,0.33968008255933957,0.43568971448228416,0.33309941520467845
individual_top250each_P4,0.5752046783625732,0.5791729323308271,0.5815789473684212,0.6417182662538701,0.578934837092732
overall_fixed_top500_P4,0.3714912280701755,0.42663324979114464,0.43742690058479544,0.516701066391469,0.4752422723475356
overall_top500_P4,0.4418128654970761,0.4452506265664161,0.4365497076023393,0.4993051255589957,0.47681286549707613
