file,term1,term2,term3,term4,term5
individual_fixed_top250each_P4,0.21722222222222223,0.33388888888888896,0.4111111111111112,0.36722222222222234,0.28694444444444456
individual_top250each_P4,0.5752046783625732,0.5791729323308271,0.5815789473684212,0.6417182662538701,0.578934837092732
overall_fixed_top500_P4,0.29809523809523814,0.31166666666666676,0.2909523809523811,0.2635714285714286,0.23571428571428574
overall_top500_P4,0.4418128654970761,0.4452506265664161,0.4365497076023393,0.4993051255589957,0.47681286549707613
