term1,term2,term3,term4,term5
0.7647520233389798,0.7121734424995294,0.6647202797202797,0.7607705700097005,0.7210612648221344
