term1,term2,term3,term4,term5
0.5952645942920542,0.6403726708074534,0.534481460568417,0.5256089996959562,0.5070652173913043
