term1,term2,term3,term4,term5
0.6757340485601355,0.6914025974025975,0.6667170148691888,0.6983606248823641,0.6802931488801054
