term1,term2,term3,term4,term5
0.36,0.4317216117216117,0.3865613553113553,0.3574175824175824,0.41318681318681316
