term1,term2,term3,term4,term5
0.7921052631578948,0.7642481203007518,0.7043859649122807,0.7538613691090471,0.751578947368421
