term1,term2,term3,term4,term5
0.6933333333333334,0.744624060150376,0.7254970760233919,0.7414344685242518,0.6672932330827068
