term1,term2,term3,term4,term5
0.7454330985566684,0.7180218332392245,0.6668595896856766,0.7600030766335114,0.6757918313570488
