term1,term2,term3,term4,term5
0.7055590062111801,0.6839322416713721,0.6867769549291288,0.73452700388856,0.7041501976284585
