term1,term2,term3,term4,term5
0.7298979002182664,0.701021645021645,0.6709463579898363,0.7608227931488801,0.6640421607378129
