term1,term2,term3,term4,term5
0.7234247179212854,0.6988871635610766,0.6673035949557689,0.7411488801054018,0.663703557312253
