term1,term2,term3,term4,term5
0.7314591567852438,0.7196747817399991,0.6772797854319593,0.7603509316770186,0.6832940610114523
