term1,term2,term3,term4,term5
0.7062169009480223,0.6744532279314888,0.6660909090909091,0.7322430830039526,0.6803478260869565
