term1,term2,term3,term4,term5
0.6980011045400062,0.698049595332204,0.6588957274609448,0.7148500050673964,0.7037422722205331
