term1,term2,term3,term4,term5
0.7081564088085827,0.694304347826087,0.645556277056277,0.7036225296442687,0.6075095990965557
