term1,term2,term3,term4,term5
0.7074242424242424,0.6959815546772069,0.6598422736683607,0.728237812911726,0.6795557775557776
