term1,term2,term3,term4,term5
0.6736359426233568,0.6511380575945793,0.6235411255411255,0.5835254093732355,0.5586356107660455
