term1,term2,term3,term4,term5
0.7077225025165529,0.7010469602860907,0.6502619047619048,0.7113355123137732,0.6603188405797101
