term1,term2,term3,term4,term5
0.7089722577193973,0.691433465085639,0.6807806324110672,0.6898163937511763,0.6677364953886693
