file,term1,term2,term3,term4,term5
individual_fixed_top100each,0.7234247179212856,0.6988871635610767,0.6673035949557691,0.7411488801054019,0.6637035573122532
individual_top100each,0.731459156785244,0.7196747817399992,0.6772797854319594,0.7603509316770187,0.6832940610114524
overall_fixed_top500,0.707722502516553,0.7010469602860908,0.6502619047619049,0.7113355123137733,0.6603188405797102
overall_top500,0.7081564088085829,0.6943043478260872,0.6455562770562772,0.7036225296442689,0.6075095990965558
