file,term1,term2,term3,term4,term5
individual_fixed_top100each,0.7055590062111803,0.6839322416713722,0.6867769549291289,0.7345270038885601,0.7041501976284587
individual_top100each,0.7298979002182665,0.7010216450216452,0.6709463579898365,0.7608227931488802,0.6640421607378131
overall_fixed_top500,0.7089722577193974,0.6914334650856392,0.6807806324110673,0.6898163937511764,0.6677364953886694
overall_top500,0.6980011045400063,0.6980495953322041,0.6588957274609449,0.7148500050673965,0.7037422722205332
