file,term1,term2,term3,term4,term5
individual_fixed_top100each,0.7062169009480225,0.674453227931489,0.6660909090909092,0.7322430830039528,0.6803478260869567
individual_top100each.csv,0.7454330985566685,0.7180218332392246,0.6668595896856767,0.7600030766335115,0.6757918313570489
overall_fixed_top500.csv,0.6736359426233569,0.6511380575945794,0.6235411255411256,0.5835254093732356,0.5586356107660456
overall_top500.csv,0.7074242424242425,0.695981554677207,0.6598422736683608,0.7282378129117262,0.6795557775557778
