term1,term2,term3,term4,term5
0.9166666666666666,0.9327272727272727,0.8754545454545455,0.9054545454545455,0.8945454545454545
