term1,term2,term3,term4,term5
0.9377777777777778,0.8895454545454545,0.8781818181818182,0.901010101010101,0.8771212121212122
