term1,term2,term3,term4,term5
0.9044444444444444,0.9325757575757576,0.8845454545454545,0.9123232323232323,0.8565151515151516
