term1,term2,term3,term4,term5
0.8966666666666667,0.906060606060606,0.8884848484848485,0.8381818181818181,0.8681818181818182
