file,term1,term2,term3,term4,term5
overall_top500_P2.csv,0.9044444444444444,0.9325757575757576,0.8845454545454545,0.9123232323232323,0.8565151515151516
individual_top500each_P2.csv,0.9166666666666666,0.9327272727272727,0.8754545454545455,0.9054545454545455,0.8945454545454545
overall_fixed_top500_P2.csv,0.8966666666666667,0.906060606060606,0.8884848484848485,0.8381818181818181,0.8681818181818182
individual_fixed_top500each_P2.csv,0.9377777777777778,0.8895454545454545,0.8781818181818182,0.901010101010101,0.8771212121212122
