term1,term2,term3,term4,term5
0.7926315789473684,0.7973137388926863,0.7524269005847953,0.842469900240798,0.7598203842940685
