term1,term2,term3,term4,term5
0.6075438596491228,0.5762781954887218,0.6207602339181286,0.6856209150326797,0.5671762740183793
