term1,term2,term3,term4,term5
0.8011403508771929,0.7827375256322625,0.765,0.8410612315101479,0.7273099415204678
