term1,term2,term3,term4,term5
0.7488888888888888,0.7740977443609023,0.7251461988304093,0.7147402820777433,0.7630701754385965
