term1,term2,term3,term4,term5
0.7772222222222223,0.7342230576441102,0.6884795321637427,0.7239766081871345,0.7524561403508772
