term1,term2,term3,term4,term5
0.518061821219716,0.5292690058479532,0.5105263157894737,0.5342449260405917,0.53
