term1,term2,term3,term4,term5
0.7517836257309941,0.7193609022556391,0.7101461988304093,0.7391984864121087,0.6552923976608187
