term1,term2,term3,term4,term5
0.49312447786131997,0.49761904761904757,0.4894736842105263,0.4974264705882353,0.5197368421052632
