term1,term2,term3,term4,term5
0.744874686716792,0.739937343358396,0.6783625730994152,0.7358926728586171,0.6506140350877193
