file,term1,term2,term3,term4,term5
party-level_top250each_P4,0.801140350877193,0.7827375256322626,0.765,0.8410612315101481,0.7273099415204679
speaker-level_top250each_P4,0.7488888888888889,0.7740977443609025,0.7251461988304094,0.7147402820777434,0.7630701754385967
speech-level_top250each_P4,0.7448746867167921,0.7399373433583962,0.6783625730994154,0.7358926728586173,0.6506140350877194
