file,term1,term2,term3,term4,term5
party-level_top250each_P4,0.6075438596491229,0.576278195488722,0.6207602339181287,0.6856209150326799,0.5671762740183794
speaker-level_top250each_P4,0.5180618212197161,0.5292690058479533,0.5105263157894738,0.5342449260405918,0.53
speech-level_top250each_P4,0.49312447786132013,0.49761904761904774,0.4894736842105264,0.4974264705882354,0.5197368421052633
