term1,term2,term3,term4,term5
0.8094569757727652,0.7567042606516291,0.7214327485380116,0.8499656002751977,0.7580200501253133
