term1,term2,term3,term4,term5
0.6995029239766082,0.6957142857142857,0.6827485380116959,0.5818541451668386,0.5495112781954887
