term1,term2,term3,term4,term5
0.2584502923976608,0.2993859649122807,0.30584795321637426,0.3402648778809769,0.39786549707602337
