file,term1,term2,term3,term4,term5
party-level_top250each_P4,0.8094569757727653,0.7567042606516292,0.7214327485380118,0.8499656002751979,0.7580200501253135
speaker-level_top250each_P4,0.6995029239766083,0.6957142857142858,0.682748538011696,0.5818541451668388,0.5495112781954888
speech-level_top250each_P4,0.2584502923976609,0.29938596491228076,0.3058479532163743,0.340264877880977,0.3978654970760235
