model1,model2,model3,model4,model5
0.9166666666666666,0.9153030303030303,0.8618181818181818,0.9045454545454545,0.906060606060606
