model1,model2,model3,model4,model5
0.8555555555555555,0.9236363636363636,0.9136363636363637,0.9054545454545455,0.8681818181818182
