model1,model2,model3,model4,model5
0.9788888888888889,0.9718181818181818,0.9609090909090909,0.9697979797979798,0.990909090909091
