model1,model2,model3,model4,model5
0.8766666666666667,0.9345454545454546,0.8881818181818182,0.9505050505050505,0.9059090909090909
