model1,model2,model3,model4,model5
0.9266666666666666,0.97,0.8954545454545455,0.9525252525252526,0.9103030303030303
