term1,term2,term3,term4,term5
0.7040791316526611,0.7026210288567268,0.6880538797586853,0.7171521194290073,0.7183263305322128
