term1,term2,term3,term4,term5
0.7620205774617539,0.7030417942088423,0.6668026291024003,0.7538415207980426,0.6881069094304388
