term1,term2,term3,term4,term5
0.728953081232493,0.7037423103212577,0.6728357042144227,0.7434679089026915,0.6885457516339869
