term1,term2,term3,term4,term5
0.7063196688931983,0.7100296195033037,0.674741968557758,0.712492941840768,0.7177073811980933
