term1,term2,term3,term4,term5
0.7478921568627451,0.7132799885088215,0.6648067632850241,0.7339619800489365,0.681781045751634
