term1,term2,term3,term4,term5
0.70596046110752,0.705629274107535,0.6922152713800311,0.7392962891418269,0.7083169934640523
