term1,term2,term3,term4,term5
0.6880800653594771,0.6695424331579938,0.6696753246753246,0.7159697910784867,0.6945996732026144
