term1,term2,term3,term4,term5
0.6681412949795302,0.7052741944046292,0.6695887445887446,0.6426708074534162,0.5554330065359477
