term1,term2,term3,term4,term5
0.7253750893069779,0.7069423558897243,0.6557518796992481,0.7086561264822134,0.6918554351565187
