term1,term2,term3,term4,term5
0.6900194821518351,0.6952999098536856,0.6423762469414643,0.64,0.5957443240454077
