term1,term2,term3,term4,term5
0.6963690476190476,0.6944137022397892,0.6556865979177192,0.7048390739695087,0.6716008771929824
