term1,term2,term3,term4,term5
0.7021188860159449,0.6797305764411028,0.6404978354978355,0.6998593073593073,0.6875889478598457
