file,term1,term2,term3,term4,term5
individual_fixed_top100each,0.7059604611075201,0.7056292741075352,0.6922152713800312,0.7392962891418271,0.7083169934640524
individual_top100each,0.7289530812324931,0.7037423103212579,0.6728357042144228,0.7434679089026917,0.688545751633987
overall_fixed_top500,0.6900194821518353,0.6952999098536857,0.6423762469414644,0.64,0.5957443240454078
overall_top500,0.725375089306978,0.7069423558897244,0.6557518796992482,0.7086561264822135,0.6918554351565188
