file,term1,term2,term3,term4,term5
individual_fixed_top100each,0.7063196688931984,0.7100296195033038,0.6747419685577581,0.7124929418407682,0.7177073811980934
individual_top100each,0.762020577461754,0.7030417942088424,0.6668026291024004,0.7538415207980428,0.688106909430439
overall_fixed_top500,0.6880800653594772,0.6695424331579939,0.6696753246753248,0.7159697910784868,0.6945996732026145
overall_top500,0.7021188860159451,0.6797305764411029,0.6404978354978357,0.6998593073593075,0.6875889478598458
