file,term1,term2,term3,term4,term5
individual_fixed_top100each,0.7040791316526612,0.702621028856727,0.6880538797586855,0.7171521194290075,0.718326330532213
individual_top100each.csv,0.7478921568627452,0.7132799885088217,0.6648067632850242,0.7339619800489366,0.6817810457516341
overall_fixed_top500.csv,0.6681412949795303,0.7052741944046294,0.6695887445887447,0.6426708074534163,0.5554330065359478
overall_top500.csv,0.6963690476190477,0.6944137022397894,0.6556865979177193,0.7048390739695088,0.6716008771929826
