term1,term2,term3,term4,term5
0.2163507326007326,0.18922619047619046,0.19085084033613445,0.18886671335200747,0.18804747540041658
