term1,term2,term3,term4,term5
0.4404281157439052,0.4097633163937512,0.4500722755505364,0.5020703933747412,0.48236039322995844
