term1,term2,term3,term4,term5
0.2754761904761905,0.3499156686181858,0.22953246753246753,0.34705960705960703,0.31658836815358554
