term1,term2,term3,term4,term5
0.3213890952678138,0.2853972876856172,0.34779550159984945,0.38111251067772806,0.36578580839450403
