term1,term2,term3,term4,term5
0.4422184578706318,0.3808912102390363,0.3592673630717109,0.3897114624505929,0.42363372859025034
