term1,term2,term3,term4,term5
0.2219155844155844,0.33365079365079364,0.2826262626262626,0.23312770562770563,0.15578865578865578
