file,term1,term2,term3,term4,term5
individual_fixed_top100each,0.21635073260073265,0.18922619047619055,0.1908508403361345,0.18886671335200755,0.1880474754004166
individual_top100each,0.4404281157439053,0.4097633163937513,0.45007227555053647,0.5020703933747414,0.48236039322995855
overall_fixed_top500,0.22191558441558445,0.33365079365079375,0.28262626262626267,0.2331277056277057,0.15578865578865583
overall_top500,0.4422184578706319,0.3808912102390364,0.359267363071711,0.38971146245059296,0.42363372859025056
