file,term1,term2,term3,term4,term5
individual_fixed_top100each,0.27547619047619054,0.34991566861818585,0.22953246753246764,0.34705960705960714,0.31658836815358565
individual_top100each,0.4404281157439053,0.4097633163937513,0.45007227555053647,0.5020703933747414,0.48236039322995855
overall_fixed_top500,0.32138909526781384,0.2853972876856173,0.34779550159984957,0.3811125106777282,0.36578580839450414
overall_top500,0.4422184578706319,0.3808912102390364,0.359267363071711,0.38971146245059296,0.42363372859025056
