term1,term2,term3,term4,term5
0.7897802197802197,0.7818163054695563,0.7475232198142414,0.7352898176814585,0.7082417582417583
