term1,term2,term3,term4,term5
0.8115934065934066,0.7598830409356725,0.7526638286893705,0.7791365669074647,0.7574175824175824
