term1,term2,term3,term4,term5
0.7621932234432235,0.7463366750208855,0.7494152046783625,0.7512985896112832,0.7
