term1,term2,term3,term4,term5
0.7589377289377289,0.7589473684210526,0.7613089095287238,0.7498968008255934,0.6972527472527472
