term1,term2,term3,term4,term5
0.7673992673992673,0.7542690058479532,0.7679824561403509,0.7658862229102167,0.7648351648351648
