term1,term2,term3,term4,term5
0.7823076923076924,0.7581286549707602,0.734705022359821,0.7869109047127623,0.7510989010989011
