term1,term2,term3,term4,term5
0.754065934065934,0.7680409356725146,0.745188338493292,0.7604768661850705,0.7051282051282051
