term1,term2,term3,term4,term5
0.8110714285714286,0.728312693498452,0.734343825249398,0.7934606123151015,0.7142857142857143
