term1,term2,term3,term4,term5
0.8096336996336997,0.7388304093567252,0.7447626418988648,0.8023821809425524,0.681959706959707
