term1,term2,term3,term4,term5
0.7706639194139194,0.7532121971595656,0.7043859649122807,0.7486799105607155,0.7076923076923077
