term1,term2,term3,term4,term5
0.802967032967033,0.7358855472013367,0.7275025799793602,0.7921074131406949,0.6917582417582417
