term1,term2,term3,term4,term5
0.7528571428571429,0.7629448621553885,0.7353693670450636,0.7606187650498796,0.7269230769230769
