file,term1,term2,term3,term4,term5
individual_fixed_top250each_P4,0.758937728937729,0.7589473684210527,0.761308909528724,0.7498968008255935,0.6972527472527473
individual_top250each_P4.csv,0.8115934065934067,0.7598830409356726,0.7526638286893707,0.7791365669074648,0.7574175824175825
overall_fixed_top500_P4.csv,0.7540659340659341,0.7680409356725147,0.7451883384932921,0.7604768661850706,0.7051282051282053
overall_top500_P4.csv,0.8096336996336999,0.7388304093567254,0.744762641898865,0.8023821809425525,0.6819597069597072
