file,term1,term2,term3,term4,term5
individual_fixed_top250each_P4,0.7621932234432236,0.7463366750208856,0.7494152046783626,0.7512985896112834,0.7
individual_top250each_P4,0.7673992673992674,0.7542690058479533,0.7679824561403511,0.7658862229102169,0.764835164835165
overall_fixed_top500_P4,0.752857142857143,0.7629448621553887,0.7353693670450637,0.7606187650498798,0.726923076923077
overall_top500_P4,0.8110714285714288,0.7283126934984522,0.7343438252493982,0.7934606123151017,0.7142857142857144
