file,term1,term2,term3,term4,term5
individual_fixed_top250each_P4,0.7897802197802198,0.7818163054695565,0.7475232198142415,0.7352898176814586,0.7082417582417584
individual_top250each_P4,0.7823076923076926,0.7581286549707603,0.7347050223598212,0.7869109047127625,0.7510989010989012
overall_fixed_top500_P4,0.7706639194139195,0.7532121971595658,0.7043859649122809,0.7486799105607157,0.7076923076923078
overall_top500_P4,0.8029670329670332,0.7358855472013368,0.7275025799793603,0.7921074131406951,0.6917582417582419
