term1,term2,term3,term4,term5
0.2714206464778547,0.31345454545454543,0.2890422548466027,0.3595142104272539,0.31625757575757574
