term1,term2,term3,term4,term5
0.48561654135338345,0.43411396574440053,0.4717507058159232,0.5039609448522492,0.4570416901938641
