term1,term2,term3,term4,term5
0.28455128205128205,0.3374000509294627,0.2836519607843137,0.2106827731092437,0.2717553688141923
