term1,term2,term3,term4,term5
0.3837468671679198,0.32466450216450216,0.4074891774891775,0.4235144927536232,0.40928670765627284
