term1,term2,term3,term4,term5
0.3401334776334776,0.339484126984127,0.3030050505050505,0.28289321789321786,0.21195027195027194
