term1,term2,term3,term4,term5
0.41111746758199846,0.3848833051006964,0.39872012045925087,0.4456167890080934,0.42203557312252965
