file,term1,term2,term3,term4,term5
individual_fixed_top100each,0.27142064647785474,0.31345454545454554,0.28904225484660273,0.35951421042725396,0.31625757575757585
individual_top100each,0.4856165413533836,0.43411396574440064,0.4717507058159233,0.5039609448522493,0.4570416901938642
overall_fixed_top500,0.3837468671679199,0.32466450216450227,0.40748917748917757,0.4235144927536233,0.40928670765627295
overall_top500,0.41111746758199863,0.38488330510069646,0.398720120459251,0.4456167890080935,0.4220355731225298
