file,term1,term2,term3,term4,term5
individual_fixed_top100each,0.2845512820512821,0.3374000509294628,0.28365196078431376,0.21068277310924374,0.2717553688141924
individual_top100each,0.4856165413533836,0.43411396574440064,0.4717507058159233,0.5039609448522493,0.4570416901938642
overall_fixed_top500,0.3401334776334777,0.3394841269841271,0.30300505050505055,0.2828932178932179,0.21195027195027202
overall_top500,0.41111746758199863,0.38488330510069646,0.398720120459251,0.4456167890080935,0.4220355731225298
