term1,term2,term3,term4,term5
0.77349641071003294,0.6960790612895876,0.6496531100478469,0.7670219273480143,0.6899579831932773
