term1,term2,term3,term4,term5
0.6583648459383753,0.6879862700228833,0.630544889892716,0.689491341991342,0.6681290849673203
