term1,term2,term3,term4,term5
0.8035737628384687,0.7391860910510796,0.69425307145256,0.7777271241344468,0.7526949112978525
