term1,term2,term3,term4,term5
0.6632247899159663,0.6592955461776973,0.5955922579835623,0.6656512328251458,0.6881054351565188
