term1,term2,term3,term4,term5
0.627149770164476,0.666610275689223,0.6250875211744777,0.6700572907895562,0.653921875767851
