term1,term2,term3,term4,term5
0.6608974358974359,0.6570175356044922,0.6369489930359495,0.6653265575004705,0.6263071895424837
