term1,term2,term3,term4,term5
0.61251325428957,0.6848814229249012,0.55346194867934,0.5476638235905971,0.5841748366013072
