term1,term2,term3,term4,term5
0.6442867916397328,0.6480722557381596,0.6284669678147939,0.6295108225108225,0.5994246031746032
