term1,term2,term3,term4,term5
0.6478363140127846,0.6392549555707451,0.5981314452138251,0.6769061487711373,0.5893137254901961
