term1,term2,term3,term4,term5
0.5717331932773109,0.6422824105718843,0.5522867692947785,0.5324097496706193,0.5235620915032679
