file,term1,term2,term3,term4,term5
individual_fixed_top100each,0.6632247899159665,0.6592955461776975,0.5955922579835624,0.6656512328251459,0.6881054351565189
individual_top100each,0.7734964107100332,0.6960790612895877,0.649653110047847,0.7670219273480144,0.6899579831932774
overall_fixed_top500,0.6442867916397329,0.6480722557381597,0.628466967814794,0.6295108225108226,0.5994246031746033
overall_top500,0.6478363140127847,0.6392549555707452,0.5981314452138252,0.6769061487711374,0.5893137254901962
