file,term1,term2,term3,term4,term5
individual_fixed_top100each,0.6583648459383754,0.6879862700228835,0.6305448898927162,0.6894913419913422,0.6681290849673205
individual_top100each.csv,0.8035737628384688,0.7391860910510798,0.6942530714525601,0.777727124134447,0.7526949112978526
overall_fixed_top500.csv,0.61251325428957,0.6848814229249013,0.5534619486793401,0.5476638235905972,0.5841748366013073
overall_top500.csv,0.660897435897436,0.6570175356044924,0.6369489930359497,0.66532655750047065,0.6263071895424839
