file,term1,term2,term3,term4,term5
individual_fixed_top100each,0.6271497701644762,0.6666102756892232,0.6250875211744779,0.6700572907895563,0.6539218757678512
individual_top100each,0.7734964107100332,0.6960790612895877,0.649653110047847,0.7670219273480144,0.6899579831932774
overall_fixed_top500,0.571733193277311,0.6422824105718844,0.5522867692947786,0.5324097496706194,0.523562091503268
overall_top500,0.6478363140127847,0.6392549555707452,0.5981314452138252,0.6769061487711374,0.5893137254901962
