term1,term2,term3,term4,term5
0.8322222222222222,0.8681818181818182,0.8181818181818182,0.8390909090909091,0.7807575757575758
