term1,term2,term3,term4,term5
0.7933333333333333,0.68,0.7527272727272727,0.8164646464646464,0.7446969696969697
