term1,term2,term3,term4,term5
0.8144444444444444,0.8472727272727273,0.8272727272727273,0.847979797979798,0.7803030303030303
