term1,term2,term3,term4,term5
0.54,0.5071428571428571,0.6019047619047618,0.5695238095238095,0.5471428571428572
