term1,term2,term3,term4,term5
0.7344444444444445,0.7209090909090909,0.8054545454545454,0.8168686868686869,0.7642424242424243
