term1,term2,term3,term4,term5
0.7033333333333333,0.7054545454545454,0.7664646464646465,0.797070707070707,0.7527272727272727
