term1,term2,term3,term4,term5
0.7366666666666667,0.7109090909090909,0.8009090909090909,0.7936363636363637,0.7560606060606061
