term1,term2,term3,term4,term5
0.8544444444444445,0.8553030303030303,0.8354545454545454,0.8018181818181819,0.7628787878787879
