term1,term2,term3,term4,term5
0.9377777777777778,0.8860606060606061,0.8554545454545455,0.9127272727272727,0.803939393939394
