term1,term2,term3,term4,term5
0.5616666666666666,0.5599999999999999,0.5916666666666667,0.62,0.52
