file,term1,term2,term3,term4,term5
individual_fixed_top500each_P2,0.7933333333333334,0.68,0.7527272727272728,0.8164646464646466,0.7446969696969699
individual_top500each_P2,0.8322222222222224,0.8681818181818184,0.8181818181818183,0.8390909090909092,0.780757575757576
overall_fixed_top1k_quisq_P2,0.8544444444444447,0.8553030303030305,0.8354545454545456,0.8018181818181821,0.762878787878788
overall_fixed_top500_P2,0.7366666666666668,0.710909090909091,0.800909090909091,0.7936363636363638,0.7560606060606062
overall_top1k_quisq_P2,0.9377777777777779,0.8860606060606063,0.8554545454545457,0.9127272727272729,0.8039393939393942
overall_top500_P2,0.7033333333333335,0.7054545454545456,0.7664646464646466,0.7970707070707072,0.7527272727272728
