file,term1,term2,term3,term4,term5
individual_fixed_top500each_P2,0.54,0.5071428571428572,0.6019047619047619,0.5695238095238097,0.5471428571428573
individual_top500each_P2,0.8144444444444445,0.8472727272727275,0.8272727272727275,0.8479797979797982,0.7803030303030305
overall_fixed_top500_P2,0.5616666666666668,0.56,0.5916666666666668,0.62,0.52
overall_top500_P2,0.7344444444444447,0.720909090909091,0.8054545454545455,0.8168686868686871,0.7642424242424245
