term1,term2,term3,term4,term5
0.7476315789473684,0.7083649683649683,0.6829487107095803,0.7772508361204014,0.7265474308300395
