term1,term2,term3,term4,term5
0.7251535706856073,0.677281479390175,0.6877859966120836,0.7469546395633352,0.7056152832674571
