term1,term2,term3,term4,term5
0.7083880154932787,0.644534255599473,0.6548993035949557,0.6561001317523056,0.668211096471966
