term1,term2,term3,term4,term5
0.728652362130623,0.6940956145303971,0.6661601007687964,0.7135582750582751,0.6875058275058274
