file,term1,term2,term3,term4,term5
individual_top100each.csv,0.7476315789473684,0.7083649683649683,0.6829487107095803,0.7772508361204014,0.7265474308300395
individual_fixed_top100each.csv,0.7251535706856073,0.677281479390175,0.6877859966120836,0.7469546395633352,0.7056152832674571
overall_top500.csv,0.728652362130623,0.6940956145303971,0.6661601007687964,0.7135582750582751,0.6875058275058274
overall_fixed_top500.csv,0.7083880154932787,0.644534255599473,0.6548993035949557,0.6561001317523056,0.668211096471966
