term1,term2,term3,term4,term5
0.8666666666666667,0.9063636363636364,0.8363636363636364,0.9427272727272727,0.8689393939393939
