term1,term2,term3,term4,term5
0.9577777777777777,0.9709090909090909,0.8945454545454545,0.9327272727272727,0.8962121212121212
