term1,term2,term3,term4,term5
0.9266666666666666,0.9336363636363636,0.9154545454545454,0.9136363636363636,0.8612121212121212
