term1,term2,term3,term4,term5
0.8566666666666667,0.8872727272727273,0.8209090909090909,0.8954545454545455,0.8265151515151515
