term1,term2,term3,term4,term5
0.9388888888888889,0.9625757575757575,0.8745454545454545,0.8961616161616162,0.911969696969697
