term1,term2,term3,term4,term5
0.8533333333333333,0.9062121212121212,0.8345454545454545,0.9023232323232323,0.8848484848484849
