term1,term2,term3,term4,term5
0.99,0.9718181818181818,0.9263636363636364,0.9318181818181819,0.8954545454545455
