term1,term2,term3,term4,term5
0.8444444444444444,0.8968181818181818,0.9225252525252525,0.8672727272727273,0.9042424242424243
