term1,term2,term3,term4,term5
0.8677777777777778,0.916969696969697,0.8854545454545455,0.8716161616161616,0.9045454545454545
