term1,term2,term3,term4,term5
0.8844444444444445,0.9168181818181819,0.8463636363636364,0.8754545454545455,0.7446969696969697
