term1,term2,term3,term4,term5
0.9588888888888889,0.9709090909090909,0.9145454545454546,0.9334343434343434,0.9318181818181818
