term1,term2,term3,term4,term5
0.8311111111111111,0.8960606060606061,0.8490909090909091,0.9154545454545455,0.8854545454545455
