term1,term2,term3,term4,term5
0.9888888888888889,0.990909090909091,0.9527272727272728,0.9327272727272727,0.9293939393939394
