term1,term2,term3,term4,term5
0.9477777777777778,0.9616666666666667,0.8954545454545455,0.9518181818181818,0.878030303030303
