term1,term2,term3,term4,term5
0.8144444444444444,0.8972727272727272,0.8823232323232324,0.8390909090909091,0.8696969696969697
