file,term1,term2,term3,term4,term5
individual_fixed_top500each_P2,0.938888888888889,0.9625757575757578,0.8745454545454546,0.8961616161616164,0.9119696969696972
individual_top500each_P2.csv,0.9577777777777778,0.9709090909090909,0.8945454545454546,0.932727272727273,0.8962121212121213
overall_fixed_top1k_quisq_P2.csv,0.958888888888889,0.9709090909090909,0.9145454545454548,0.9334343434343436,0.931818181818182
overall_fixed_top500_P2.csv,0.8444444444444446,0.896818181818182,0.9225252525252526,0.8672727272727275,0.9042424242424246
overall_top1k_quisq_P2.csv,0.988888888888889,0.9909090909090913,0.952727272727273,0.932727272727273,0.9293939393939395
overall_top500_P2.csv,0.8533333333333335,0.9062121212121214,0.8345454545454547,0.9023232323232325,0.8848484848484851
