file,term1,term2,term3,term4,term5
individual_fixed_top500each_P2,0.8666666666666669,0.9063636363636366,0.8363636363636365,0.942727272727273,0.8689393939393941
individual_top500each_P2,0.9266666666666667,0.9336363636363638,0.9154545454545456,0.9136363636363638,0.8612121212121213
overall_fixed_top1k_quisq_P2,0.9477777777777779,0.961666666666667,0.8954545454545457,0.951818181818182,0.8780303030303033
overall_fixed_top500_P2,0.8144444444444445,0.8972727272727273,0.8823232323232326,0.8390909090909092,0.8696969696969699
overall_top1k_quisq_P2,0.99,0.971818181818182,0.9263636363636366,0.9318181818181822,0.8954545454545457
overall_top500_P2,0.867777777777778,0.9169696969696972,0.8854545454545457,0.8716161616161617,0.9045454545454545
