term1,term2,term3,term4,term5
0.7571637426900585,0.6363750284802916,0.5831286549707602,0.7770072239422084,0.6575104427736007
