term1,term2,term3,term4,term5
0.7393274853801169,0.7080371383002962,0.5445029239766082,0.8048194014447885,0.6199624060150376
