term1,term2,term3,term4,term5
0.6588554720133667,0.6591979949874687,0.6702923976608187,0.7035453216374269,0.6384920634920634
