term1,term2,term3,term4,term5
0.7073099415204678,0.6164912280701754,0.6576023391812865,0.722015823873409,0.6597953216374269
