term1,term2,term3,term4,term5
0.681345029239766,0.564749373433584,0.6964912280701754,0.7020295837633299,0.7267251461988304
