term1,term2,term3,term4,term5
0.709515455304929,0.6761278195488721,0.62046783625731,0.8173718610251118,0.726578947368421
