term1,term2,term3,term4,term5
0.6517543859649123,0.6496741854636592,0.6236842105263158,0.6616615067079463,0.665906432748538
