term1,term2,term3,term4,term5
0.5974269005847953,0.5503258145363409,0.6579824561403509,0.6819659442724458,0.6706725146198831
