term1,term2,term3,term4,term5
0.6918964076858813,0.7003588516746412,0.643625730994152,0.787891296869625,0.7319548872180451
