term1,term2,term3,term4,term5
0.5979281537176274,0.6227090453406243,0.5929824561403508,0.7041795665634675,0.6487719298245614
