file,term1,term2,term3,term4,term5
individual_fixed_top250each_P4,0.7073099415204679,0.6164912280701755,0.6576023391812866,0.7220158238734092,0.659795321637427
individual_top250each_P4.csv,0.73932748538011706,0.7080371383002964,0.5445029239766083,0.8048194014447887,0.6199624060150377
overall_fixed_top500_P4.csv,0.6517543859649124,0.6496741854636593,0.623684210526316,0.6616615067079464,0.6659064327485381
overall_top500_P4.csv,0.7095154553049292,0.6761278195488722,0.6204678362573101,0.817371861025112,0.7265789473684212
