file,term1,term2,term3,term4,term5
individual_fixed_top250each_P4,0.6813450292397661,0.5647493734335841,0.6964912280701755,0.70202958376333,0.7267251461988306
individual_top250each_P4,0.7571637426900587,0.6363750284802917,0.5831286549707603,0.7770072239422086,0.6575104427736008
overall_fixed_top500_P4,0.5974269005847954,0.550325814536341,0.657982456140351,0.681965944272446,0.6706725146198832
overall_top500_P4,0.6918964076858815,0.7003588516746413,0.6436257309941522,0.7878912968696252,0.7319548872180452
