file,term1,term2,term3,term4,term5
individual_fixed_top250each_P4,0.6588554720133668,0.6591979949874688,0.6702923976608188,0.703545321637427,0.6384920634920636
individual_top250each_P4,0.7571637426900587,0.6363750284802917,0.5831286549707603,0.7770072239422086,0.6575104427736008
overall_fixed_top500_P4,0.5979281537176275,0.6227090453406244,0.5929824561403509,0.7041795665634677,0.6487719298245616
overall_top500_P4,0.6918964076858815,0.7003588516746413,0.6436257309941522,0.7878912968696252,0.7319548872180452
