Term,Accuracy,lb,ub
Term1,0.763615684468087,-0.0069124518458595395,0.0028233958243651792
Term2,0.6898574251835121,-0.012908548742233983,0.01604077012821726
Term3,0.6674737146911061,-0.24463621398513846,0.22365669180570852
Term4,0.7587617165443252,-0.3291122652179391,0.1175201557733269
Term5,0.6743781291172596,-0.1928009269295475,0.09487176798455388
