Term,Accuracy,lb,ub
Term1,0.9239999999999995,0,0
Term2,0.8845151515151509,-0.02376337756312325,0.0037087352266145764
Term3,0.881545454545454,0,0
Term4,0.9020808080808074,0,0
Term5,0.8554999999999997,-0.036689546290701716,0.02953707156255046
