Term,Accuracy,lb,ub
Term1,0.7530994152046783,-0.015860979812996192,0.004604800590869862
Term2,0.7198997493734336,-0.03770000000000001,0.032299999999999995
Term3,0.7584795321637426,-0.018098069149825688,0.012927192249875489
Term4,0.7342363261093912,0,0
Term5,0.7269298245614035,-0.022540684865966283,0.01807316173937846
