Term,Accuracy,lb,ub
Term1,0.7178614520490951,-0.38278375835499784,0.10285917282363428
Term2,0.7029904009034443,-0.3674190601557924,0.10715993772045715
Term3,0.6649434406173537,-0.2994264839626676,0.16886642182817946
Term4,0.7426461364722232,-0.36465676205516073,0.07267081683212058
Term5,0.6693714401540489,-0.2354191039538588,0.2185571295659791
