Term,Accuracy,lb,ub
Term1,0.7858187134502924,0,0
Term2,0.7868215994531783,-0.014862889108003756,0.005087297614148921
Term3,0.7490058479532163,-0.021924518055788808,0.009100743343912369
Term4,0.7961042311661507,-0.008132062148225946,0.0022936585546278017
Term5,0.732280701754386,-0.01350410399627717,0.006802819306395231
