Term,Accuracy,lb,ub
Term1,0.9066666666666668,0,0
Term2,0.9054545454545456,-0.029669881812916767,0.025274343766558818
Term3,0.8845454545454545,-0.024566333912587866,0.01683759964795343
Term4,0.8854545454545454,0,0
Term5,0.8598484848484848,-0.029537071562550532,0.010198899149400817
