Term,Accuracy,lb,ub
Term1,0.9373333333333329,0,0
Term2,0.9274848484848482,-0.014834940906458458,0.026373228278148284
Term3,0.8927272727272725,-0.01725163898355887,0.010350983390135323
Term4,0.9152323232323234,0,0
Term5,0.8743333333333329,-0.023841582427170736,0.01589438828478054
