Term,Accuracy,lb,ub
Term1,0.9055555555555556,0,0
Term2,0.9027272727272727,-0.03186765083609585,0.009340518348510893
Term3,0.8781818181818183,-0.03036288461106354,0.024842360136324772
Term4,0.877070707070707,-0.02197769023179026,0.01923047895281648
Term5,0.8595454545454546,-0.03311330892662605,0.033113308926626124
