Term,Accuracy,lb,ub
Term1,0.7858187134502924,0,0
Term2,0.7868215994531783,-0.01506239097522526,0.004887795746927417
Term3,0.7490058479532163,-0.022234770669785842,0.008790490729915333
Term4,0.7961042311661507,-0.00781929052714031,0.002606430175713437
Term5,0.732280701754386,-0.013199500146737061,0.00710742315593534
