Term,Accuracy,lb,ub
Term1,0.77374686716792,-0.007858779591429348,0.0023474276701672373
Term2,0.7408020050125314,0,0
Term3,0.7429824561403509,-0.017891234073827703,0.002792273525973083
Term4,0.7698069315445476,-0.007966964759086575,0.0025158836081326176
Term5,0.728405572755418,-0.027109742609067577,0.01350410399627717
