Term,Accuracy,lb,ub
Term1,0.9166666666666666,-0.033774990747593076,0.023960036171369478
Term2,0.9353030303030302,-0.01950520008071383,0.007966912709024
Term3,0.8972727272727272,-0.02097799300400756,0.020425940556533736
Term4,0.9227272727272728,0,0
Term5,0.8856060606060607,-0.04609372602586352,0.033378215398039104
