Term,Accuracy,lb,ub
Term1,0.7234247179212854,-0.02195106048927418,0.007187515381443773
Term2,0.6988871635610766,-0.35232744802332766,0.1222515498529219
Term3,0.6673035949557689,-0.288727666146211,0.18059558831772107
Term4,0.7411488801054019,-0.29580093048567385,0.14152664840160745
Term5,0.663703557312253,-0.2728489811665148,0.1718624312610815
