Term,Accuracy,lb,ub
Term1,0.7314591567852438,-0.4346082399988311,0.05218414351240443
Term2,0.7196747817399991,-0.3195814971698664,0.1549975007063831
Term3,0.6772797854319594,-0.32209186060294454,0.14620104518790245
Term4,0.7603509316770185,-0.33283420205953307,0.1044933768277483
Term5,0.6832940610114523,-0.2010466177016425,0.17881104708026269
