Term,Accuracy,lb,ub
Term1,0.8844444444444445,-0.0343523410167828,0.03781644263192041
Term2,0.8590909090909091,-0.016620628237791372,0.010851484551946457
Term3,0.8763636363636363,-0.023462229017639988,0.017941704542901227
Term4,0.8581818181818182,0,0
Term5,0.8686363636363635,-0.016424201227606572,0.023311769484344776
