Term,Accuracy,lb,ub
Term1,0.9155555555555557,0,0
Term2,0.9353030303030303,-0.015659104290150577,0.011813008499587252
Term3,0.9045454545454545,-0.03850565821130334,0.030500897722932067
Term4,0.889090909090909,-0.022527132487585037,0.004944980302152794
Term5,0.8927272727272728,-0.032848402455213074,0.020132891827388654
