Term,Accuracy,lb,ub
Term1,0.7821294903926482,0,0
Term2,0.757206311232627,-0.014264383506339186,0.00568580321581349
Term3,0.7377865497076023,-0.015554275420956394,0.005184758473652132
Term4,0.7916394478844165,0,0
Term5,0.7122606762003045,-0.02142380408431937,0.00903658086968923
