Term,Accuracy,lb,ub
Term1,0.7708182957393483,-0.020465780403866055,0.010232890201933027
Term2,0.7271327181590342,-0.026833001141295304,0.013067372303009991
Term3,0.7506052631578952,-0.02502704419575887,0.016339971003842643
Term4,0.7648159614723083,0,0
Term5,0.7287297410192146,-0.016854746341218082,0.01360563861279052
