Term,Accuracy,lb,ub
Term1,0.4178136051591429,-0.3838521728035908,0.1017907583750413
Term2,0.3940278562017693,-0.2500901937758277,0.2277282887916689
Term3,0.3586062488236401,-0.3541814069464244,0.11617902724537427
Term4,0.36343939393939395,-0.32227425940627347,0.13267931912750358
Term5,0.39719696969696966,-0.27041634565979916,0.17380606148390512
