Term,Accuracy,lb,ub
Term1,0.7644444444444444,-0.028293573754290483,0.015235001252310261
Term2,0.7587878787878789,-0.008970852271450613,0.0048304589153964845
Term3,0.7927272727272728,-0.04830458915396484,0.048304589153964766
Term4,0.7836363636363637,-0.021153526848098143,0.006318585941639686
Term5,0.6875757575757576,-0.03841143835488631,0.027815179498365872
