Term,Accuracy,lb,ub
Term1,0.4090306794654621,-0.42105242133187404,0.06459050984675807
Term2,0.43890833803877277,-0.2899292778853409,0.18048577563723206
Term3,0.3646127423301337,-0.01357645019878168,0.03403540640111251
Term4,0.43460803689064564,-0.0044857854097536025,0.014204987130886323
Term5,0.3927642574816487,-0.18777171365841142,0.09183879156632908
