Term,Accuracy,lb,ub
Term1,0.8622222222222223,-0.02190938275332236,0.021619192253278387
Term2,0.8703030303030304,-0.031052950170405973,0.03795360576382944
Term3,0.8109090909090909,-0.025654884075416797,0.029815135547106093
Term4,0.840909090909091,0,0
Term5,0.7981818181818181,-0.023311769484344703,0.016424201227606572
