Term,Accuracy,lb,ub
Term1,0.4758395989974938,-0.0051298917604257754,0.0051298917604257754
Term2,0.47131161236424396,-0.021617264453417284,0.019293913600947205
Term3,0.39941520467836256,-0.010887992794669477,0.00985104109993905
Term4,0.4773649810801513,-0.01436150226309027,0.006604194471348114
Term5,0.43362155388471174,-0.17484260963600923,0.06884046999605935
