Term,Accuracy,lb,ub
Term1,0.5526023391812867,-0.014223717380686918,0.006242063023179135
Term2,0.5136967418546365,-0.016203829873338682,0.0040509574683346705
Term3,0.44941520467836255,0,0
Term4,0.574890350877193,-0.008619648632133227,0.0018921179924195172
Term5,0.5007518796992482,-0.008325838554095662,0.0018276230972405385
