Term,Accuracy,lb,ub
Term1,0.35528609072087336,-0.025641946766231757,0.022922346351631446
Term2,0.353343833893033,-0.2368395789877934,0.2239751673200332
Term3,0.33306277056277056,-0.33090789611957844,0.13209858331672492
Term4,0.41795680406549973,-0.02070160674293491,0.016598585586677622
Term5,0.3723794466403162,-0.30892075785229234,0.13771166313897373
