Term,Accuracy,lb,ub
Term1,0.7933333333333333,-0.023215240003520397,0.020313335003080347
Term2,0.6800000000000002,-0.04016181555372496,0.02884474038051045
Term3,0.7527272727272728,-0.011041048949477678,0.0027602622373694196
Term4,0.8164646464646464,0,0
Term5,0.7446969696969699,-0.05854433018227496,0.04741825838292857
