Term,Accuracy,lb,ub
Term1,0.5209189640768587,-0.007981654357507783,0.002251235844425243
Term2,0.48686716791979945,-0.04050957468334665,0.04050957468334665
Term3,0.4514619883040936,-0.007923547734168836,0.002502172968684911
Term4,0.5742690058479532,-0.007148001304695889,0.003363765319856855
Term5,0.4950584795321638,-0.006904353922908639,0.0032491077284275615
