Term,Accuracy,lb,ub
Term1,0.4399641148325359,-0.01845443138478804,0.010684144485929916
Term2,0.3931455862977602,-0.23415149296766438,0.23626356055490857
Term3,0.38216872660350915,-0.2333452377915607,0.04949747468305832
Term4,0.4187863730472426,-0.29008078983073143,0.06504388844142688
Term5,0.3982380952380952,-0.38149852626337305,0.0837435789358624
