Term,Accuracy,lb,ub
Term1,0.4253049289891395,-0.006242063023179135,0.003990827178753892
Term2,0.4652631578947369,-0.0231498925650465,0.01746395404029824
Term3,0.42397660818713456,-0.012927893671538659,0.007923547734168836
Term4,0.5405056759545923,-0.011531133203941111,0.009434563530497273
Term5,0.4807602339181286,-0.014760611358219353,0.005598852584152169
