Term,Accuracy,lb,ub
Term1,0.37366182254054114,-0.33198550775371294,0.15365742342491923
Term2,0.37574515339732734,-0.344171013648658,0.13584434708866142
Term3,0.33049971767363073,-0.292261028754385,0.07625433242961159
Term4,0.3779479578392622,-0.21894293470676024,0.18116527576458225
Term5,0.38893515904385473,-0.17009251366084047,0.2579302231224561
