Term,Accuracy,lb,ub
Term1,0.8322222222222223,0,0
Term2,0.8681818181818182,-0.04637240558780623,0.03643546153327628
Term3,0.8181818181818181,-0.0630971473206198,0.047842891924426055
Term4,0.8390909090909092,0,0
Term5,0.7807575757575758,-0.041060503069016395,0.03841143835488623
