Term,Accuracy,lb,ub
Term1,0.44842105263157894,-0.012927327236272943,0.007592239805430159
Term2,0.4852548036758562,-0.026906673376040875,0.02386063488064007
Term3,0.4204678362573099,-0.03690321116834576,0.025821793650372245
Term4,0.4949195906432749,-0.025158836081326002,0.016772557387550707
Term5,0.5042193719593101,-0.019443288064964794,0.01109590784859249
