Term,Accuracy,lb,ub
Term1,0.4090306794654621,-0.4260059792298961,0.059636951948736035
Term2,0.43890833803877277,-0.33946686311343227,0.13094819040914074
Term3,0.3646127423301337,-0.25682118292695405,0.04487771037930625
Term4,0.43460803689064564,-0.007382855153552781,0.011307917387087146
Term5,0.3927642574816487,-0.20479957470870344,0.06504084630685314
