Term,Accuracy,lb,ub
Term1,0.5526023391812867,-0.012381797144338952,0.008083983259527102
Term2,0.5136967418546365,-0.00597516226579365,0.004152231405043026
Term3,0.44941520467836255,0,0
Term4,0.574890350877193,-0.007883824968414558,0.0026279416561381863
Term5,0.5007518796992482,-0.008224303937582311,0.0019291577137538892
