term1,term2,term3,term4,term5
0.54,0.5071428571428571,0.6009523809523809,0.569047619047619,0.5466666666666666
