term1,term2,term3,term4,term5
0.8722222222222222,0.9045454545454545,0.8736363636363637,0.9163636363636364,0.8415151515151515
