term1,term2,term3,term4,term5
0.7522222222222222,0.6649999999999999,0.7681818181818182,0.7335353535353535,0.7121212121212122
