term1,term2,term3,term4,term5
0.6888888888888889,0.6245454545454545,0.7781818181818182,0.7516161616161616,0.7196969696969697
