term1,term2,term3,term4,term5
0.5633333333333334,0.5599999999999999,0.5916666666666667,0.6216666666666666,0.52
