term1,term2,term3,term4,term5
0.9044444444444444,0.9642424242424242,0.9145454545454546,0.8772727272727273,0.8689393939393939
