term1,term2,term3,term4,term5
0.8844444444444445,0.8290909090909091,0.8563636363636363,0.8572727272727273,0.7559090909090909
