term1,term2,term3,term4,term5
0.7255555555555555,0.6336363636363637,0.8390909090909091,0.7636363636363637,0.7210606060606061
