file,term1,term2,term3,term4,term5
individual_fixed_top500each_P2,0.54,0.5071428571428572,0.600952380952381,0.5690476190476191,0.5466666666666667
individual_top500each_P2,0.8722222222222223,0.9045454545454545,0.8736363636363639,0.9163636363636366,0.8415151515151517
overall_fixed_top500_P2,0.5633333333333335,0.56,0.5916666666666668,0.6216666666666667,0.52
overall_top500_P2,0.688888888888889,0.6245454545454546,0.7781818181818183,0.7516161616161617,0.7196969696969698
