file,term1,term2,term3,term4,term5
individual_fixed_top500each_P2,0.7522222222222223,0.665,0.7681818181818183,0.7335353535353536,0.7121212121212124
individual_top500each_P2,0.8722222222222223,0.9045454545454545,0.8736363636363639,0.9163636363636366,0.8415151515151517
overall_fixed_top1k_quisq_P2,0.8844444444444447,0.8290909090909092,0.8563636363636364,0.8572727272727275,0.7559090909090911
overall_fixed_top500_P2,0.7255555555555556,0.6336363636363638,0.8390909090909092,0.7636363636363639,0.7210606060606063
overall_top1k_quisq_P2,0.9044444444444446,0.9642424242424243,0.9145454545454548,0.8772727272727274,0.8689393939393941
overall_top500_P2,0.688888888888889,0.6245454545454546,0.7781818181818183,0.7516161616161617,0.7196969696969698
