term1,term2,term3,term4,term5
0.7018872549019608,0.6566049213943951,0.6686813624971519,0.6423496240601504,0.6258461718020542
