term1,term2,term3,term4,term5
0.7244304388422036,0.689030679465462,0.6714387665474622,0.7460869565217392,0.649607843137255
