term1,term2,term3,term4,term5
0.5808779301194162,0.6449849425936383,0.5463449631985101,0.6539178677920097,0.6413807189542484
