term1,term2,term3,term4,term5
0.6400070028011204,0.5960734593400497,0.53919002050581,0.6324134199134199,0.6180392156862745
