term1,term2,term3,term4,term5
0.7505718954248366,0.7319486215538847,0.7311842105263158,0.7374613212874083,0.7222864145658263
