term1,term2,term3,term4,term5
0.48344142785319255,0.4776523489223718,0.4836429512516469,0.44289330044478786,0.44417053663570694
