term1,term2,term3,term4,term5
0.4417483660130719,0.43635642135642133,0.42346870965292016,0.42846278245019664,0.3638063295493636
