term1,term2,term3,term4,term5
0.5147467320261437,0.4783885603336404,0.4858116883116883,0.5870746282702805,0.4858986928104575
