term1,term2,term3,term4,term5
0.5334173669467787,0.5156277056277057,0.47779513011778457,0.6133573310747223,0.47947712418300653
