term1,term2,term3,term4,term5
0.5668452380952381,0.5228596689351838,0.5151025785808394,0.5724624060150376,0.4838754928422111
