file,term1,term2,term3,term4,term5
individual_fixed_top100each,0.6400070028011206,0.5960734593400498,0.5391900205058101,0.63241341991342,0.6180392156862746
individual_top100each,0.7244304388422037,0.6890306794654621,0.6714387665474624,0.7460869565217394,0.6496078431372552
overall_fixed_top500,0.4834414278531927,0.4776523489223719,0.483642951251647,0.4428933004447881,0.44417053663570705
overall_top500,0.5334173669467788,0.5156277056277058,0.47779513011778474,0.6133573310747225,0.47947712418300664
