file,term1,term2,term3,term4,term5
individual_fixed_top100each,0.5808779301194164,0.6449849425936385,0.5463449631985102,0.6539178677920098,0.6413807189542485
individual_top100each,0.7244304388422037,0.6890306794654621,0.6714387665474624,0.7460869565217394,0.6496078431372552
overall_fixed_top500,0.5668452380952382,0.5228596689351839,0.5151025785808395,0.5724624060150377,0.4838754928422112
overall_top500,0.5334173669467788,0.5156277056277058,0.47779513011778474,0.6133573310747225,0.47947712418300664
