file,term1,term2,term3,term4,term5
individual_fixed_top100each,0.7018872549019609,0.6566049213943952,0.668681362497152,0.6423496240601505,0.6258461718020544
individual_top100each.csv,0.7505718954248367,0.7319486215538848,0.731184210526316,0.7374613212874085,0.7222864145658264
overall_fixed_top500.csv,0.441748366013072,0.43635642135642144,0.42346870965292027,0.42846278245019676,0.36380632954936365
overall_top500.csv,0.5147467320261438,0.4783885603336405,0.4858116883116884,0.5870746282702806,0.4858986928104576
