term1,term2,term3,term4,term5
0.674296066252588,0.6526873126873127,0.6382269904009035,0.6554206662902315,0.6604937888198757
