term1,term2,term3,term4,term5
0.4888835725677831,0.47098654244306415,0.47369894598155465,0.4559628777020081,0.4779777686082034
