file,term1,term2,term3,term4,term5
overall_top500.csv,0.5687532566594351,0.48727178618482964,0.48194758140410315,0.6276678611243829,0.5587905138339921
individual_fixed_top100each.csv,0.674296066252588,0.6526873126873127,0.6382269904009035,0.6554206662902315,0.6604937888198757
overall_fixed_top500.csv,0.4888835725677831,0.47098654244306415,0.47369894598155465,0.4559628777020081,0.4779777686082034
individual_top100each.csv,0.76817260542661,0.7158963862224732,0.696128740824393,0.765383869753435,0.7131104837191794
