term1,term2,term3,term4,term5
0.76817260542661,0.7158963862224732,0.696128740824393,0.765383869753435,0.7131104837191794
