term1,term2,term3,term4,term5
0.5687532566594351,0.48727178618482964,0.48194758140410315,0.6276678611243829,0.5587905138339921
