model1,model2,model3,model4,model5
0.8977777777777778,0.8925757575757576,0.8481818181818181,0.8881818181818182,0.8521212121212122
