model1,model2,model3,model4,model5
0.9166666666666666,0.9063636363636364,0.9163636363636364,0.9036363636363637,0.9022727272727272
