model1,model2,model3,model4,model5
0.8955555555555555,0.9327272727272727,0.8836363636363637,0.9427272727272727,0.9227272727272727
