model1,model2,model3,model4,model5
0.9677777777777777,0.9618181818181818,0.8845454545454545,0.9072727272727272,0.8946969696969697
