term1,term2,term3,term4,term5
0.8622222222222222,0.9145454545454546,0.8172727272727273,0.9043434343434343,0.7922727272727272
