term1,term2,term3,term4,term5
0.7155555555555556,0.64,0.7063636363636363,0.7636363636363637,0.666969696969697
