term1,term2,term3,term4,term5
0.52,0.5071428571428571,0.5809523809523809,0.5552380952380952,0.5471428571428572
