term1,term2,term3,term4,term5
0.6255555555555555,0.6545454545454545,0.7327272727272727,0.7259595959595959,0.6765151515151515
