term1,term2,term3,term4,term5
0.8522222222222222,0.769090909090909,0.7881818181818182,0.7286868686868687,0.6931818181818182
