term1,term2,term3,term4,term5
0.6422222222222222,0.6445454545454545,0.7763636363636364,0.7284848484848485,0.6916666666666667
