term1,term2,term3,term4,term5
0.9266666666666666,0.9027272727272727,0.8481818181818181,0.8590909090909091,0.8187878787878788
