file,term1,term2,term3,term4,term5
individual_fixed_top500each_P2,0.7155555555555557,0.64,0.7063636363636364,0.7636363636363639,0.6669696969696972
individual_top500each_P2,0.8622222222222223,0.9145454545454548,0.8172727272727275,0.9043434343434346,0.7922727272727274
overall_fixed_top1k_quisq_P2,0.8522222222222223,0.7690909090909092,0.7881818181818183,0.7286868686868688,0.6931818181818183
overall_fixed_top500_P2,0.6255555555555556,0.6545454545454547,0.7327272727272729,0.725959595959596,0.6765151515151516
overall_top1k_quisq_P2,0.9266666666666667,0.9027272727272729,0.8481818181818183,0.8590909090909092,0.818787878787879
overall_top500_P2,0.6422222222222224,0.6445454545454546,0.7763636363636366,0.7284848484848486,0.6916666666666669
