file,term1,term2,term3,term4,term5
individual_fixed_top500each_P2,0.52,0.5071428571428572,0.580952380952381,0.5552380952380953,0.5471428571428573
individual_top500each_P2,0.8622222222222223,0.9145454545454548,0.8172727272727275,0.9043434343434346,0.7922727272727274
overall_fixed_top500_P2,0.5433333333333334,0.56,0.5916666666666668,0.45,0.5
overall_top500_P2,0.6422222222222224,0.6445454545454546,0.7763636363636366,0.7284848484848486,0.6916666666666669
