term1,term2,term3,term4,term5
0.5404262404262404,0.5982434640522876,0.5419301931298836,0.5282790309106099,0.4746153846153846
