term1,term2,term3,term4,term5
0.3135560715514276,0.37962633298933607,0.33754772961816304,0.348015873015873,0.30575654823332843
