term1,term2,term3,term4,term5
0.6571232924207753,0.6657707509881423,0.6755483646787994,0.7092774772900631,0.6396675787980136
