term1,term2,term3,term4,term5
0.7350001981237679,0.6768657067570111,0.6787515527950311,0.7813167701863354,0.718690280733759
