term1,term2,term3,term4,term5
0.6160079051383399,0.6761612083568606,0.6468157768157768,0.6892556935817805,0.6271800445930881
