term1,term2,term3,term4,term5
0.7165183710263802,0.6845896856766422,0.6863732282210543,0.7630009410878976,0.6902707727055553
