term1,term2,term3,term4,term5
0.6035144679881522,0.6627117447769622,0.592886642343164,0.653098814229249,0.6018530455052195
