term1,term2,term3,term4,term5
0.6451119894598155,0.7048466026726896,0.6190988142292491,0.6857085161215596,0.6469875776397516
