term1,term2,term3,term4,term5
0.6258443292024528,0.6850884622623753,0.6258020892151327,0.6093184641445512,0.5699644268774704
