term1,term2,term3,term4,term5
0.6402815338742112,0.6603166760775456,0.6008245739767479,0.6763620799490364,0.5636508057160231
