term1,term2,term3,term4,term5
0.6204987765857332,0.6541493506493506,0.5780248447204969,0.5743403914925654,0.6196146245059289
