file,term1,term2,term3,term4,term5
cutoff_10,0.3135560715514277,0.3796263329893362,0.33754772961816315,0.3480158730158731,0.30575654823332854
cutoff_10_consec,0.5404262404262405,0.5982434640522877,0.5419301931298837,0.52827903091061,0.4746153846153847
individual_fixed_top100each,0.61600790513834,0.6761612083568608,0.646815776815777,0.6892556935817806,0.6271800445930882
individual_top100each,0.7165183710263804,0.6845896856766424,0.6863732282210544,0.7630009410878977,0.6902707727055555
overall_fixed_top500,0.6204987765857333,0.6541493506493508,0.578024844720497,0.5743403914925655,0.6196146245059291
overall_top500,0.6451119894598156,0.7048466026726897,0.6190988142292492,0.6857085161215597,0.6469875776397517
