file,term1,term2,term3,term4,term5
individual_fixed_top100each,0.6035144679881523,0.6627117447769624,0.5928866423431641,0.6530988142292492,0.6018530455052197
individual_top100each,0.735000198123768,0.6768657067570112,0.6787515527950312,0.7813167701863356,0.7186902807337592
overall_fixed_top500,0.6258443292024529,0.6850884622623754,0.6258020892151328,0.6093184641445514,0.5699644268774705
overall_top500,0.6402815338742113,0.6603166760775457,0.600824573976748,0.6763620799490365,0.5636508057160232
