term1,term2,term3,term4,term5
0.7077380952380953,0.7648809523809523,0.9069444444444444,0.7625,0.6392857142857142
