term1,term2,term3,term4,term5
0.9177777777777778,0.8987878787878788,0.8845454545454545,0.9436363636363636,0.9204545454545454
