term1,term2,term3,term4,term5
0.8544444444444445,0.9045454545454545,0.8381818181818181,0.9054545454545455,0.8337878787878787
