term1,term2,term3,term4,term5
0.9488888888888889,0.9627272727272728,0.9145454545454546,0.9527272727272728,0.9128787878787878
