term1,term2,term3,term4,term5
0.9577777777777777,0.9527272727272728,0.8954545454545455,0.9063636363636364,0.8853030303030303
