term1,term2,term3,term4,term5
0.9011111111111111,0.9245454545454546,0.9072727272727272,0.9214141414141415,0.9212121212121211
