term1,term2,term3,term4,term5
0.8622222222222222,0.8966666666666667,0.8954545454545455,0.9254545454545454,0.8356060606060606
