term1,term2,term3,term4,term5
0.99,0.9709090909090909,0.9436363636363636,0.9136363636363637,0.9469696969696969
