term1,term2,term3,term4,term5
0.8977777777777778,0.9036363636363637,0.8854545454545455,0.8772727272727273,0.896060606060606
