term1,term2,term3,term4,term5
0.8866666666666667,0.9418181818181818,0.8927272727272727,0.9609090909090909,0.9113636363636364
