term1,term2,term3,term4,term5
0.9266666666666666,0.9718181818181818,0.9145454545454546,0.9236363636363636,0.8871212121212121
