term1,term2,term3,term4,term5
0.9788888888888889,0.9609090909090909,0.9054545454545455,0.9427272727272727,0.9392424242424242
