term1,term2,term3,term4,term5
0.9288888888888889,0.9243939393939394,0.8854545454545455,0.8936363636363637,0.8939393939393939
