term1,term2,term3,term4,term5
0.8833333333333333,0.8854545454545455,0.8827272727272727,0.8490909090909091,0.8856060606060606
