file,term1,term2,term3,term4,term5
individual_fixed_top500each_P2,0.917777777777778,0.898787878787879,0.8845454545454546,0.9436363636363638,0.9204545454545456
individual_top500each_P2,0.948888888888889,0.962727272727273,0.9145454545454548,0.952727272727273,0.912878787878788
overall_fixed_top1k_quisq_P2,0.9266666666666667,0.971818181818182,0.9145454545454548,0.9236363636363638,0.8871212121212123
overall_fixed_top500_P2,0.8833333333333335,0.8854545454545457,0.8827272727272729,0.8490909090909092,0.8856060606060607
overall_top1k_quisq_P2,0.99,0.9709090909090909,0.9436363636363638,0.9136363636363638,0.946969696969697
overall_top500_P2,0.8866666666666668,0.941818181818182,0.8927272727272729,0.960909090909091,0.9113636363636366
