file,term1,term2,term3,term4,term5
individual_fixed_top500each_P2,0.8966666666666668,0.9351515151515154,0.8463636363636365,0.8809090909090911,0.8681818181818184
individual_top500each_P2.csv,0.9577777777777778,0.952727272727273,0.8954545454545457,0.9063636363636366,0.8853030303030305
overall_fixed_top1k_quisq_P2.csv,0.927777777777778,0.951818181818182,0.8772727272727274,0.9245454545454548,0.9121212121212122
overall_fixed_top500_P2.csv,0.897777777777778,0.9036363636363638,0.8854545454545457,0.8772727272727274,0.8960606060606062
overall_top1k_quisq_P2.csv,0.978888888888889,0.960909090909091,0.9054545454545457,0.942727272727273,0.9392424242424244
overall_top500_P2.csv,0.9011111111111114,0.9245454545454548,0.9072727272727273,0.9214141414141418,0.9212121212121214
