term1,term2,term3,term4,term5
0.79,0.741578947368421,0.7443567251461989,0.7351049191606467,0.7305263157894737
