term1,term2,term3,term4,term5
0.7910526315789473,0.7455388471177945,0.7698245614035087,0.810423116615067,0.732251461988304
