term1,term2,term3,term4,term5
0.7946783625730994,0.761203007518797,0.7330409356725146,0.8110595115239078,0.7321052631578947
