term1,term2,term3,term4,term5
0.7600584795321638,0.7052517657780816,0.7583040935672515,0.7635706914344685,0.7260526315789474
