file,term1,term2,term3,term4,term5
individual_fixed_top250each_P4.csv,0.79,0.741578947368421,0.7443567251461989,0.7351049191606467,0.7305263157894737
individual_top250each_P4.csv,0.7910526315789473,0.7455388471177945,0.7698245614035087,0.810423116615067,0.732251461988304
overall_top500_P4.csv,0.7946783625730994,0.761203007518797,0.7330409356725146,0.8110595115239078,0.7321052631578947
overall_fixed_top500_P4.csv,0.7600584795321638,0.7052517657780816,0.7583040935672515,0.7635706914344685,0.7260526315789474
