term1,term2,term3,term4,term5
0.8630952380952381,0.9227272727272727,0.8409090909090909,0.8761616161616161,0.825
