term1,term2,term3,term4,term5
0.9638888888888889,0.9545454545454546,0.9273737373737374,0.9141414141414141,0.9
