term1,term2,term3,term4,term5
0.9464285714285714,0.9127272727272727,0.8521212121212122,0.9136363636363637,0.775
