term1,term2,term3,term4,term5
0.9875,0.9709090909090909,0.8732323232323232,0.9003030303030303,0.8875
