term1,term2,term3,term4,term5
0.9652777777777778,0.9036363636363637,0.8582828282828283,0.8681818181818182,0.7875
