term1,term2,term3,term4,term5
0.9005952380952381,0.9209090909090909,0.8677777777777778,0.9061616161616162,0.8375
