term1,term2,term3,term4,term5
0.9763888888888889,0.9788888888888889,0.9095959595959596,0.9527272727272728,0.9375
