term1,term2,term3,term4,term5
0.95,0.9688888888888889,0.9436363636363636,0.9425252525252525,0.9875
