term1,term2,term3,term4,term5
0.8992063492063492,0.9225252525252525,0.9427272727272727,0.8863636363636364,0.85
