term1,term2,term3,term4,term5
0.8634920634920635,0.9136363636363637,0.8523232323232324,0.8772727272727273,0.8125
