term1,term2,term3,term4,term5
0.908531746031746,0.95,0.9516161616161616,0.9036363636363637,0.8375
