term1,term2,term3,term4,term5
0.9875,0.98,0.9427272727272727,0.8927272727272727,0.875
