term1,term2,term3,term4,term5
0.9371031746031746,0.9418181818181818,0.8254545454545454,0.8497979797979798,0.85
