term1,term2,term3,term4,term5
0.9638888888888889,0.9609090909090909,0.9618181818181818,0.9427272727272727,0.9875
