term1,term2,term3,term4,term5
0.8154761904761905,0.8645454545454545,0.9214141414141415,0.9054545454545455,0.725
