file,term1,term2,term3,term4,term5
individual_fixed_top500each_P2,0.965277777777778,0.9036363636363638,0.8582828282828284,0.8681818181818184,0.7875
individual_top500each_P2,0.9875,0.9709090909090909,0.8732323232323234,0.9003030303030305,0.8875
overall_fixed_top1k_quisq_P2,0.976388888888889,0.978888888888889,0.9095959595959597,0.952727272727273,0.9375
overall_fixed_top500_P2,0.9371031746031748,0.941818181818182,0.8254545454545456,0.84979797979798,0.85
overall_top1k_quisq_P2,0.9875,0.98,0.942727272727273,0.8927272727272729,0.875
overall_top500_P2,0.8992063492063493,0.9225252525252526,0.942727272727273,0.8863636363636366,0.85
