file,term1,term2,term3,term4,term5
individual_fixed_top500each_P2,0.9464285714285716,0.9127272727272729,0.8521212121212124,0.9136363636363638,0.775
individual_top500each_P2.csv,0.963888888888889,0.9545454545454548,0.9273737373737376,0.9141414141414141,0.9
overall_fixed_top1k_quisq_P2.csv,0.963888888888889,0.960909090909091,0.961818181818182,0.942727272727273,0.9875
overall_fixed_top500_P2.csv,0.9005952380952382,0.920909090909091,0.867777777777778,0.9061616161616164,0.8375
overall_top1k_quisq_P2.csv,0.95,0.968888888888889,0.9436363636363638,0.9425252525252525,0.9875
overall_top500_P2.csv,0.9085317460317462,0.95,0.9516161616161618,0.9036363636363638,0.8375
