term1,term2,term3,term4,term5
0.48068627450980395,0.38758053221288513,0.4655427170868347,0.47541666666666665,0.410906862745098
