term1,term2,term3,term4,term5
0.8809558823529412,0.9104201680672269,0.8257948179271709,0.8075910364145659,0.8027941176470589
