term1,term2,term3,term4,term5
0.5484515484515484,0.4252941176470588,0.5539285714285714,0.496547619047619,0.45973193473193474
