term1,term2,term3,term4,term5
0.7864052614052615,0.9075315126050421,0.8355952380952381,0.8284523809523809,0.7403679653679653
