term1,term2,term3,term4,term5
0.7089139515455305,0.6302882205513785,0.6020509607351713,0.6690058479532164,0.6630576441102757
