term1,term2,term3,term4,term5
0.5010485347985348,0.5231996658312448,0.4937220502235982,0.5019435844513244,0.48545787545787544
