term1,term2,term3,term4,term5
0.3535049019607843,0.3327450980392157,0.40845238095238096,0.3341071428571429,0.34240196078431373
