term1,term2,term3,term4,term5
0.6546749084249084,0.6445648434812522,0.5914344685242519,0.6903401272789818,0.6308791208791209
