term1,term2,term3,term4,term5
0.47095588235294117,0.45625,0.4351462508080155,0.36594887955182076,0.3424509803921569
