term1,term2,term3,term4,term5
0.43085081585081586,0.3513095238095238,0.4176190476190476,0.37589285714285714,0.29993006993006993
