term1,term2,term3,term4,term5
0.5305430242272348,0.5230827067669173,0.4600877192982456,0.5450584795321638,0.5219047619047619
