term1,term2,term3,term4,term5
0.419988344988345,0.4771988795518207,0.47238095238095235,0.41875,0.3374125874125874
