term1,term2,term3,term4,term5
0.6941575091575092,0.6544152046783626,0.6246646026831786,0.7544891640866873,0.6741391941391941
