term1,term2,term3,term4,term5
0.6960568086883876,0.6943187514240146,0.6387719298245614,0.7419883040935673,0.7019715956558061
