term1,term2,term3,term4,term5
0.3544362745098039,0.44349789915966387,0.45198044602456366,0.43125,0.3922794117647059
