term1,term2,term3,term4,term5
0.4032051282051282,0.4243452380952381,0.4336355311355311,0.4084873949579832,0.3607692307692308
