file,term1,term2,term3,term4,term5
glmnet_a001_cutoff_10,0.5305430242272349,0.5230827067669174,0.4600877192982457,0.5450584795321639,0.521904761904762
glmnet_a001_cutoff_10_consec,0.501048534798535,0.5231996658312449,0.4937220502235983,0.5019435844513245,0.4854578754578755
glmnet_cutoff_10,0.7089139515455306,0.6302882205513787,0.6020509607351714,0.6690058479532165,0.6630576441102758
glmnet_cutoff_10_consec,0.6546749084249085,0.6445648434812523,0.591434468524252,0.690340127278982,0.630879120879121
regLogistic_cutoff_10,0.6960568086883877,0.6943187514240148,0.6387719298245615,0.7419883040935674,0.7019715956558062
regLogistic_cutoff_10_consec,0.6941575091575093,0.6544152046783628,0.6246646026831787,0.7544891640866874,0.6741391941391942
