term,Accuracy.CV.10Fold
1,0.5247501411631846
2,0.45114473931865234
3,0.4713563899868248
4,0.5342049255092733
5,0.5377252964426877
