term1,term2,term3,term4,term5
0.775412196499153,0.695809806135893,0.6753445322793149,0.7785671936758893,0.7306791831357049
