term1,term2,term3,term4,term5
0.6713419913419914,0.6978809523809524,0.6741666666666667,0.724503576134011,0.6631343873517787
