term1,term2,term3,term4,term5
0.6461363636363636,0.6448498964803313,0.6168280632411067,0.6000910973084886,0.6658096179183136
