term1,term2,term3,term4,term5
0.6849910348995017,0.6819795783926219,0.6462703745529832,0.7063116883116883,0.6749881567707654
