file,term1,term2,term3,term4,term5
individual_top100each.csv,0.775412196499153,0.695809806135893,0.6753445322793149,0.7785671936758893,0.7306791831357049
individual_fixed_top100each.csv,0.6713419913419914,0.6978809523809524,0.6741666666666667,0.724503576134011,0.6631343873517787
overall_top500.csv,0.6849910348995017,0.6819795783926219,0.6462703745529832,0.7063116883116883,0.6749881567707654
overall_fixed_top500.csv,0.6461363636363636,0.6448498964803313,0.6168280632411067,0.6000910973084886,0.6658096179183136
