term1,term2,term3,term4,term5
0.8072598162071847,0.7384506721348827,0.754561403508772,0.8039886480908153,0.7264912280701754
