term1,term2,term3,term4,term5
0.7754887218045112,0.7666188197767145,0.7533625730994152,0.8166322669418644,0.7478822055137845
