term1,term2,term3,term4,term5
0.761140350877193,0.7333959899749374,0.7378070175438597,0.7591503267973856,0.7004887218045113
