term1,term2,term3,term4,term5
0.7530994152046784,0.7198997493734336,0.7584795321637426,0.7342363261093912,0.7269298245614035
