term1,term2,term3,term4,term5
0.7646198830409356,0.7155650489861016,0.7551169590643275,0.7770381836945304,0.7470050125313283
