term1,term2,term3,term4,term5
0.7858187134502924,0.7868215994531784,0.7490058479532163,0.7961042311661507,0.732280701754386
