term1,term2,term3,term4,term5
0.7901754385964912,0.7660423786739576,0.7581286549707602,0.8041967664258686,0.7400584795321637
