term1,term2,term3,term4,term5
0.7637719298245614,0.7195158350421508,0.7328654970760234,0.7443240454076367,0.7140058479532164
