term1,term2,term3,term4,term5
0.7843107769423558,0.7301754385964913,0.7387134502923977,0.7862573099415204,0.7174310776942355
