term1,term2,term3,term4,term5
0.7749498746867168,0.7294736842105263,0.7383040935672515,0.8137082903336773,0.7486716791979949
