term1,term2,term3,term4,term5
0.7697368421052632,0.6863305992253361,0.7671929824561403,0.797529669762642,0.748421052631579
