term1,term2,term3,term4,term5
0.7784920634920635,0.726265664160401,0.7395906432748538,0.7702958376332989,0.7215664160401003
