file,term1,term2,term3,term4,term5
individual_fixed_top250each_P4,0.7530994152046786,0.7198997493734337,0.7584795321637428,0.7342363261093914,0.7269298245614036
individual_top250each_P4,0.7858187134502925,0.7868215994531785,0.7490058479532165,0.7961042311661508,0.7322807017543862
overall_fixed_top500_P4,0.7784920634920637,0.7262656641604012,0.7395906432748539,0.770295837633299,0.7215664160401004
overall_top500_P4,0.7901754385964913,0.7660423786739577,0.7581286549707603,0.8041967664258688,0.7400584795321639
