file,term1,term2,term3,term4,term5
individual_fixed_top250each_P4,0.7611403508771932,0.7333959899749376,0.7378070175438598,0.7591503267973857,0.7004887218045115
individual_top250each_P4.csv,0.7754887218045113,0.7666188197767146,0.7533625730994153,0.8166322669418645,0.7478822055137847
overall_fixed_top500_P4.csv,0.7637719298245615,0.719515835042151,0.7328654970760236,0.7443240454076369,0.7140058479532165
overall_top500_P4.csv,0.7749498746867169,0.7294736842105265,0.7383040935672517,0.8137082903336774,0.748671679197995
