file,term1,term2,term3,term4,term5
individual_fixed_top250each_P4,0.7646198830409358,0.7155650489861017,0.7551169590643276,0.7770381836945306,0.7470050125313284
individual_top250each_P4,0.8072598162071849,0.7384506721348828,0.7545614035087722,0.8039886480908155,0.7264912280701755
overall_fixed_top500_P4,0.7697368421052634,0.6863305992253362,0.7671929824561404,0.7975296697626422,0.7484210526315792
overall_top500_P4,0.784310776942356,0.7301754385964915,0.7387134502923979,0.7862573099415205,0.7174310776942356
