term1,term2,term3,term4,term5
0.9875,1,1,0.9888888888888889,0.9666666666666667
