term1,term2,term3,term4,term5
0.8375,0.7033730158730158,0.7666666666666666,0.7416666666666667,0.7527777777777778
