term1,term2,term3,term4,term5
0.8041666666666667,0.8384920634920635,0.8708333333333333,0.8108333333333333,0.8232142857142857
