term1,term2,term3,term4,term5
0.6267857142857143,0.7384920634920635,0.7172619047619048,0.6630555555555555,0.5279761904761905
