term1,term2,term3,term4,term5
0.6071428571428571,0.6880952380952381,0.7287698412698412,0.6505555555555556,0.5888888888888889
