term1,term2,term3,term4,term5
0.8916666666666666,0.8827272727272727,0.8461616161616162,0.87,0.8277777777777777
