term1,term2,term3,term4,term5
0.8766666666666667,0.9327272727272727,0.8351515151515152,0.9081818181818182,0.7833333333333333
