term1,term2,term3,term4,term5
0.8377777777777777,0.8181818181818182,0.8262121212121212,0.7963636363636364,0.7636363636363637
