term1,term2,term3,term4,term5
0.6589285714285714,0.5337301587301587,0.618452380952381,0.6183333333333333,0.6041666666666666
