term1,term2,term3,term4,term5
0.5928571428571429,0.5964285714285714,0.6242063492063492,0.6294444444444445,0.5357142857142857
