term1,term2,term3,term4,term5
0.8069444444444445,0.7941414141414141,0.8727272727272727,0.8014141414141415,0.7166666666666667
