term1,term2,term3,term4,term5
0.8912698412698412,0.8436363636363636,0.8554545454545455,0.8290909090909091,0.7444444444444445
