term1,term2,term3,term4,term5
0.8055555555555556,0.8236363636363637,0.8159090909090909,0.8527272727272728,0.8174242424242424
