term1,term2,term3,term4,term5
0.6482142857142857,0.7509920634920635,0.7158730158730159,0.6755555555555556,0.6152777777777778
