term1,term2,term3,term4,term5
0.6172619047619048,0.7755952380952381,0.7255952380952381,0.6497222222222222,0.6190476190476191
