file,term1,term2,term3,term4,term5
cutoff_10,0.9875,1,1,0.988888888888889,0.966666666666667
cutoff_10_a001.csv,0.8375,0.7033730158730159,0.7666666666666667,0.7416666666666668,0.752777777777778
cutoff_10_consec.csv,1,1,1,1,1
cutoff_10_consec_a001.csv,0.8041666666666668,0.8384920634920636,0.8708333333333335,0.8108333333333335,0.8232142857142859
