file,term1,term2,term3,term4,term5
glmnet_a001_cutoff_10,0.6589285714285715,0.5337301587301588,0.6184523809523812,0.6183333333333334,0.6041666666666667
glmnet_a001_cutoff_10_consec,0.592857142857143,0.5964285714285715,0.6242063492063493,0.6294444444444446,0.5357142857142858
glmnet_cutoff_10,0.6071428571428572,0.6880952380952382,0.7287698412698413,0.6505555555555558,0.588888888888889
glmnet_cutoff_10_consec,0.6267857142857144,0.7384920634920636,0.717261904761905,0.6630555555555556,0.5279761904761906
regLogistic_cutoff_10,0.6482142857142859,0.7509920634920636,0.715873015873016,0.6755555555555557,0.6152777777777779
regLogistic_cutoff_10_consec,0.6172619047619049,0.7755952380952382,0.7255952380952383,0.6497222222222223,0.6190476190476192
