term1,term2,term3,term4,term5
0.7980409356725146,0.7798746867167919,0.7384502923976608,0.8326453388372893,0.7581286549707602
