term1,term2,term3,term4,term5
0.7226608187134503,0.7306766917293233,0.7445029239766082,0.7673331613347093,0.7010526315789474
