term1,term2,term3,term4,term5
0.7375438596491228,0.6997869674185464,0.7097368421052632,0.7960268317853457,0.7068421052631578
