term1,term2,term3,term4,term5
0.7367836257309941,0.7549601275917065,0.7444736842105263,0.824015307877537,0.7486842105263157
