file,term1,term2,term3,term4,term5
individual_top250each_P4.csv,0.7980409356725146,0.7798746867167919,0.7384502923976608,0.8326453388372893,0.7581286549707602
individual_fixed_top250each_P4.csv,0.7226608187134503,0.7306766917293233,0.7445029239766082,0.7673331613347093,0.7010526315789474
overall_top500_P4.csv,0.7367836257309941,0.7549601275917065,0.7444736842105263,0.824015307877537,0.7486842105263157
overall_fixed_top500_P4.csv,0.7375438596491228,0.6997869674185464,0.7097368421052632,0.7960268317853457,0.7068421052631578
