term1,term2,term3,term4,term5
0.725,0.7527777777777778,0.9041666666666667,0.8444444444444444,0.8416666666666667
