term1,term2,term3,term4,term5
0.8966666666666667,0.9351515151515152,0.8463636363636364,0.8809090909090909,0.8681818181818182
