term1,term2,term3,term4,term5
0.9277777777777778,0.9518181818181818,0.8772727272727273,0.9245454545454546,0.9121212121212121
