Term,Accuracy,lb,ub
Term1,0.8025605680868839,-0.00683815886526969,0.0033680483963268956
Term2,0.7607313738892685,-0.018354171784380473,0.011571108298848541
Term3,0.7485380116959064,-0.017580981459830666,0.013444279939870511
Term4,0.8207344341245271,-0.01449175177696672,0.006359689628740774
Term5,0.7769298245614035,0,0
