Term,Accuracy,lb,ub
Term1,0.9488888888888889,-0.02208364779650324,0.006783865662978078
Term2,0.9627272727272729,0,0
Term3,0.9145454545454547,-0.03450327796711766,0.020701966780270645
Term4,0.9527272727272725,0,0
Term5,0.9128787878787878,-0.029801978033963516,0.009933992677987837
