Term,Accuracy,lb,ub
Term1,0.9155555555555557,0,0
Term2,0.8871212121212123,-0.02060408459230337,0.006868028197434458
Term3,0.8327272727272728,-0.048304589153964766,0.06210590034081187
Term4,0.8850505050505051,-0.037499433957992094,0.031180848016352403
Term5,0.818939393939394,-0.03351066863374559,0.03271594921950658
