Term,Accuracy,lb,ub
Term1,0.6566403162055335,-0.13092933424575923,0.17988214170856534
Term2,0.6568699416525503,-0.3856428936742404,0.06046136432943417
Term3,0.5723498469493891,-0.06453076241797873,0.08532296743509231
Term4,0.6456851119894599,-0.19437815155224059,0.04754774315136184
Term5,0.6260335968379447,-0.17454922937783157,0.08486576120493293
