Term,Accuracy,lb,ub
Term1,0.7199928989139517,-0.02404729197454256,0.016884268833189494
Term2,0.7047033492822965,-0.023740722199361654,0.016159651244943646
Term3,0.729845029239766,-0.035782468147655344,0.03660980845164734
Term4,0.7361863605091163,-0.02049794491787785,0.011037354955780381
Term5,0.6996844562386357,-0.031983404201708976,0.01878390405497197
