Term,Accuracy,lb,ub
Term1,0.7984736842105259,0,0
Term2,0.7544908863066756,-0.019351681120488108,0.010573598962740906
Term3,0.746704678362573,-0.020116862877770283,0.010991687964142505
Term4,0.8184316735466111,-0.018036496815937008,0.013240665292624238
Term5,0.7441816305469555,-0.006802819306395231,0.003350642344940968
