Term,Accuracy,lb,ub
Term1,0.6436313857766947,-0.1910646061439173,0.2525987902528619
Term2,0.5975757575757576,-0.1786315348006203,0.26747272320305415
Term3,0.5917785113437287,-0.16144719953559264,0.09198735787493068
Term4,0.5348448652796479,-0.11127050131782149,0.13887966817270148
Term5,0.5643301336344815,3.705928436896742e-4,0.009635413935931272
