Term,Accuracy,lb,ub
Term1,0.6035144679881522,-0.13879674973085307,0.15258900897632618
Term2,0.6627117447769622,-0.08409539842367142,0.09624462076930343
Term3,0.5928866423431641,-0.10137382296420933,0.06758254864280626
Term4,0.653098814229249,-0.21661672418076403,0.14627211787463965
Term5,0.6018530455052193,-0.08968346817289856,0.07708331148745003
