Term,Accuracy,lb,ub
Term1,0.7984736842105259,0,0
Term2,0.7544908863066756,-0.02044894139020649,0.009476338693022522
Term3,0.746704678362573,-0.02156859525039289,0.0095399555915199
Term4,0.8184316735466111,-0.026168558964162838,0.015534323847252096
Term5,0.7441816305469555,-0.007412027005475449,0.0027414346458607512
