Term,Accuracy,lb,ub
Term1,0.8959999999999997,0,0
Term2,0.8701818181818175,0,0
Term3,0.8819090909090909,-0.03546936975019693,0.019735874997191382
Term4,0.9266868686868682,-0.016620628237791372,0.010851484551946457
Term5,0.8862575757575755,-0.026888006848420444,0.012847963863530909
