Term,Accuracy,lb,ub
Term1,0.9435555555555554,-0.021794972661908378,0.0070725407975729395
Term2,0.9686212121212121,0,0
Term3,0.9024545454545455,-0.02235812412269227,0.019045809437849025
Term4,0.928121212121212,-0.02706003109789173,0.027884194481583854
Term5,0.9122121212121208,-0.021192517713040718,0.0052981294282601794
