Term,Accuracy,lb,ub
Term1,0.8933333333333333,0,0
Term2,0.9043939393939395,-0.009477878912459567,0.017994233877278262
Term3,0.8781818181818182,-0.006624629369686637,0.00717668181716046
Term4,0.8763636363636363,0,0
Term5,0.8583333333333334,-0.015364575341954508,0.011126071799346394
