Term,Accuracy,lb,ub
Term1,0.6757518796992482,-0.025005207790911577,0.015819621255474706
Term2,0.663755980861244,-0.016985139077880712,0.013165995379895679
Term3,0.6609064327485381,-0.023331413131434532,0.018665130505147672
Term4,0.5928792569659442,-0.015304958616140011,0.005660738118298376
Term5,0.5505555555555557,-0.02371877549286279,0.0170001523918802
