Term,Accuracy,lb,ub
Term1,0.7441699604743083,-0.4399629562174547,0.04682942729378083
Term2,0.6986421983813288,-0.16467891226305859,0.17701796620784108
Term3,0.6690223978919632,-0.24360596959239858,0.16006251519931144
Term4,0.7669789051528181,-0.09072221051385089,0.15120368418975152
Term5,0.6530510069640505,-0.16528440828558996,0.12238828662851141
