Term,Accuracy,lb,ub
Term1,0.8025605680868839,-0.008062903736661313,0.0021433035249352715
Term2,0.7607313738892685,-0.019052428319655795,0.010872851763573218
Term3,0.7485380116959064,-0.018615156839820703,0.01241010455988047
Term4,0.8207344341245271,-0.013032150878567184,0.00781929052714031
Term5,0.7769298245614035,0,0
