Term,Accuracy,lb,ub
Term1,0.7441699604743083,-0.4201991854468985,0.06659319806433703
Term2,0.6986421983813288,-0.15907888008811885,0.17312641842525578
Term3,0.6690223978919632,-0.23311620850268366,0.17898154859326174
Term4,0.7669789051528181,-0.08727941893537657,0.16395131787221054
Term5,0.6530510069640505,-0.15129452843630517,0.14517974651542573
