Term,Accuracy,lb,ub
Term1,0.7250877192982456,-0.028985628622934256,0.022045407685048615
Term2,0.7014650262018683,-0.046599999999999975,0.033399999999999985
Term3,0.710672514619883,-0.03340386477367823,0.028646658025724064
Term4,0.7555297557619539,-0.01792567070794475,0.024005722760931963
Term5,0.6909941520467837,-0.038075481192510696,0.03299875036684265
