Term,Accuracy,lb,ub
Term1,0.9488888888888889,-0.021217622392718734,0.007649891066762581
Term2,0.9627272727272729,0,0
Term3,0.9145454545454547,-0.022496137234560797,0.018907796325980494
Term4,0.9527272727272725,0,0
Term5,0.9128787878787878,-0.027020460084126934,0.012715510627824417
