Term,Accuracy,lb,ub
Term1,0.6801461988304094,-0.028754421467431793,0.03264291974416631
Term2,0.7287844611528822,-0.04559999999999997,0.034399999999999986
Term3,0.7156140350877194,-0.04291827826958657,0.03981575212961645
Term4,0.7759373925008599,-0.02673126333640888,0.01520013013246783
Term5,0.6661988304093567,-0.041629192770478364,0.04975196209154732
