Term,Accuracy,lb,ub
Term1,0.735000198123768,-0.44492823852926927,0.041864144981966236
Term2,0.6768657067570112,-0.12680750823253384,0.17692305040826584
Term3,0.678751552795031,-0.2545640235879044,0.1762654497396748
Term4,0.7813167701863353,-0.10756397472206322,0.15297160418950861
Term5,0.718690280733759,-0.21364677438709107,0.03650339510343186
