Term,Accuracy,lb,ub
Term1,0.47675889328063237,-0.43940972413042634,0.04623320704820581
Term2,0.42705768868812344,-0.23664757284349844,0.22416717346432813
Term3,0.4578510257858083,-0.3909829095440817,0.08042161124694999
Term4,0.4914025974025974,-0.38101139824094454,0.07691252900473321
Term5,0.44946245059288537,-0.22480498523227058,0.03573059367930127
