Term,Accuracy,lb,ub
Term1,0.28398017441495704,-0.1230619187606654,0.1683238399465139
Term2,0.3210301775519167,-0.024576786469750762,0.023424749603981162
Term3,0.30384481460568413,-0.16356412569474307,0.1388074527126387
Term4,0.38053594955768866,-0.23978578101968595,0.16962727155564125
Term5,0.3110862977602108,-0.1047725220908678,0.07201947788484167
