Term,Accuracy,lb,ub
Term1,0.7988888888888889,0,0
Term2,0.7530303030303032,-0.04002380244185651,0.042784064679226
Term3,0.7790909090909092,-0.04402618268604218,0.024980373248193233
Term4,0.7890909090909091,-0.03461486211506963,0.020329363464405947
Term5,0.7028787878787879,-0.034437841283691095,0.03178877656956108
