Term,Accuracy,lb,ub
Term1,0.6339473684210526,-0.015758650910976873,0.004707129492889182
Term2,0.6002631578947368,-0.014583446886004823,0.005671340455668527
Term3,0.6192982456140351,-0.014283237362909611,0.0065682040427978835
Term4,0.690798073615411,-0.03626559485470696,0.026805004892609438
Term5,0.5407894736842105,-0.02081459638523921,0.00964578856876939
