Term,Accuracy,lb,ub
Term1,0.9055555555555556,0,0
Term2,0.9136363636363637,-0.02111600611587609,0.006486616257818105
Term3,0.8636363636363636,-0.04160251471689215,0.027735009811261487
Term4,0.9354545454545455,-0.029120439557122065,0.012087729627484676
Term5,0.8318181818181818,-0.008741913556629283,0.004503410014021168
