Term,Accuracy,lb,ub
Term1,0.48561654135338345,-0.44271209606244105,0.04293083511619109
Term2,0.43411396574440053,-0.0157445038321841,0.013056417812055087
Term3,0.47175070581592327,-0.3242320294000716,0.13774440097513946
Term4,0.5039609448522493,-0.370918381068999,0.0870055461766788
Term5,0.4570416901938642,-0.16609143155612704,0.2526264631231848
