Term,Accuracy,lb,ub
Term1,0.432953216374269,0,0
Term2,0.44270676691729316,-0.01292995257026833,0.007273098320775902
Term3,0.4078947368421053,-0.022605546945123258,0.018872520844093736
Term4,0.5379084967320262,-0.014571159230434689,0.006394537504003695
Term5,0.4927568922305764,-0.01055960011738966,0.009747323185282741
