Term,Accuracy,lb,ub
Term1,0.8011111111111111,-0.012913477251958237,0.01610557275244226
Term2,0.7436363636363637,-0.01283521940376783,0.014767402969926364
Term3,0.740909090909091,-0.014353363634320996,0.013249258739373198
Term4,0.8068686868686867,0,0
Term5,0.7722727272727273,-0.027152913319833348,0.025828380962768377
