Term,Accuracy,lb,ub
Term1,0.45668417140957196,-0.012723844796880162,0.0067018724502651405
Term2,0.37493412384716734,-0.19084070193745814,0.23967375085585632
Term3,0.3776091661961227,-0.20620601434968452,0.20771116773909828
Term4,0.40954874835309624,-0.016805428105023147,0.020333639530387207
Term5,0.44280873956960914,-0.012850554545884496,0.005639451994956491
