Term,Accuracy,lb,ub
Term1,0.2714206464778547,-0.08945542792310403,0.1436531790426394
Term2,0.3134545454545455,-0.3991807739891548,0.06163397231867179
Term3,0.2890422548466027,-0.12567318727556806,0.13890194383089102
Term4,0.3595142104272539,-0.2949512708464112,0.12467589286172999
Term5,0.31625757575757574,-0.11072762103741803,0.08467406314626087
