Term,Accuracy,lb,ub
Term1,0.3800292397660819,-0.03857799606128743,0.03305223535224364
Term2,0.43842105263157893,-0.053813346752081805,0.03756780810994388
Term3,0.4409356725146198,-0.036802794081073696,0.03617725083890248
Term4,0.5275885792913656,-0.02715057727109766,0.025263664564998244
Term5,0.44666666666666666,-0.042551279639556454,0.03888657612992959
