Term,Accuracy,lb,ub
Term1,0.47675889328063237,-0.4239662789189459,0.061676652259686285
Term2,0.42705768868812344,-0.24826394457334158,0.212550801734485
Term3,0.4578510257858083,-0.30311310686863335,0.07683893688893818
Term4,0.4914025974025974,-0.370918381068999,0.0870055461766788
Term5,0.44946245059288537,-0.17837382313338687,0.02726318736467519
