Term,Accuracy,lb,ub
Term1,0.38482456140350874,-0.05704439637593461,0.04555343883258084
Term2,0.4689473684210526,-0.048838150542927054,0.042543004319098694
Term3,0.3767801857585139,-0.03272154418043122,0.030003460638286784
Term4,0.5314929480564154,-0.03889136744238319,0.034488571128151096
Term5,0.42676642586859304,-0.08428818072141804,0.06840779884636823
