Term,Accuracy,lb,ub
Term1,0.8722222222222221,0,0
Term2,0.9045454545454547,0,0
Term3,0.8736363636363637,-0.03827431353954075,0.031063210988612876
Term4,0.9163636363636364,-0.02142824797599549,0.006043864813742338
Term5,0.8415151515151515,-0.02092761124162774,0.00556303589967316
