Term,Accuracy,lb,ub
Term1,0.6375730994152046,-0.015144677498860903,0.005321102905005151
Term2,0.5898803827751198,-0.014785994759421536,0.005468792582251816
Term3,0.6192982456140351,-0.007610776113083259,0.0028149445897704887
Term4,0.6900649294805642,-0.026174298895136287,0.026384534227627376
Term5,0.5981578947368421,-0.019494646370565482,0.01096573858344312
