Term,Accuracy,lb,ub
Term1,0.6375730994152046,-0.014019059576648224,0.006446720827217829
Term2,0.5898803827751198,-0.015697460189796848,0.0045573271518765035
Term3,0.6192982456140351,-0.008340576562282999,0.0020851441405707496
Term4,0.6900649294805642,-0.028276652220046834,0.024282180902716825
Term5,0.5981578947368421,-0.019799250220105587,0.01066113473390301
