term1,term2,term3,term4,term5
0.9652777777777778,0.9518181818181818,0.9314141414141414,0.9036363636363636,0.9125
