term1,term2,term3,term4,term5
0.9513888888888888,0.8945454545454545,0.8705050505050506,0.9243434343434344,0.8625
