term1,term2,term3,term4,term5
0.975,0.9709090909090909,0.9297979797979798,0.9427272727272727,0.9375
