term1,term2,term3,term4,term5
0.9242063492063493,0.9197979797979798,0.8612121212121212,0.8517171717171718,0.8125
