term1,term2,term3,term4,term5
0.9402777777777778,0.9018181818181819,0.8823232323232324,0.8736363636363637,0.9
