term1,term2,term3,term4,term5
0.9625,0.9407070707070707,0.9034343434343435,0.8961616161616162,0.8625
