term1,term2,term3,term4,term5
0.9652777777777778,0.9316161616161616,0.8743434343434344,0.9045454545454545,0.825
