term1,term2,term3,term4,term5
0.9875,0.9709090909090909,0.9727272727272727,0.9527272727272728,0.9125
