term1,term2,term3,term4,term5
0.9055555555555556,0.9507070707070707,0.9295959595959596,0.9218181818181819,0.85
