term1,term2,term3,term4,term5
0.9888888888888889,0.9688888888888889,0.9509090909090909,0.9134343434343435,0.975
