term1,term2,term3,term4,term5
0.9513888888888888,0.9307070707070707,0.9095959595959596,0.8736363636363637,0.8875
