term1,term2,term3,term4,term5
0.9541666666666666,0.980909090909091,0.9225252525252525,0.9327272727272727,0.95
