term1,term2,term3,term4,term5
0.9263888888888889,0.8936363636363637,0.9132323232323233,0.8927272727272727,0.8
