term1,term2,term3,term4,term5
0.9134920634920635,0.9418181818181818,0.8518181818181818,0.8323232323232324,0.8625
