term1,term2,term3,term4,term5
0.9541666666666666,0.96,0.9336363636363636,0.9234343434343435,0.975
