file,term1,term2,term3,term4,term5
individual_fixed_top500each_P2,0.951388888888889,0.8945454545454546,0.8705050505050508,0.9243434343434346,0.8625
individual_top500each_P2,0.975,0.9709090909090909,0.92979797979798,0.942727272727273,0.9375
overall_fixed_top1k_quisq_P2,0.9541666666666668,0.9809090909090913,0.9225252525252526,0.932727272727273,0.95
overall_fixed_top500_P2,0.9134920634920638,0.941818181818182,0.8518181818181819,0.8323232323232326,0.8625
overall_top1k_quisq_P2,0.9875,0.9709090909090909,0.972727272727273,0.952727272727273,0.9125
overall_top500_P2,0.9055555555555558,0.950707070707071,0.9295959595959598,0.9218181818181822,0.85
