file,term1,term2,term3,term4,term5
individual_fixed_top500each_P2,0.9242063492063494,0.91979797979798,0.8612121212121213,0.851717171717172,0.8125
individual_top500each_P2,0.975,0.9709090909090909,0.92979797979798,0.942727272727273,0.9375
overall_fixed_top1k_quisq_P2,0.965277777777778,0.9316161616161618,0.8743434343434345,0.9045454545454545,0.825
overall_fixed_top500_P2,0.926388888888889,0.8936363636363639,0.9132323232323234,0.8927272727272729,0.8
overall_top1k_quisq_P2,0.9875,0.9709090909090909,0.972727272727273,0.952727272727273,0.9125
overall_top500_P2,0.9055555555555558,0.950707070707071,0.9295959595959598,0.9218181818181822,0.85
