file,term1,term2,term3,term4,term5
individual_fixed_top500each_P2,0.940277777777778,0.9018181818181822,0.8823232323232326,0.8736363636363639,0.9
individual_top500each_P2.csv,0.965277777777778,0.951818181818182,0.9314141414141416,0.9036363636363638,0.9125
overall_fixed_top1k_quisq_P2.csv,0.9541666666666668,0.96,0.9336363636363638,0.9234343434343438,0.975
overall_fixed_top500_P2.csv,0.951388888888889,0.930707070707071,0.9095959595959597,0.8736363636363639,0.8875
overall_top1k_quisq_P2.csv,0.988888888888889,0.968888888888889,0.950909090909091,0.9134343434343438,0.975
overall_top500_P2.csv,0.9625,0.9407070707070709,0.9034343434343438,0.8961616161616164,0.8625
